REQ DEL DATE1,TIME1,TIME2,REQ DEL DATE2,DOC.TYPE,PLANT,ROUTE,VEHICLE NO.,VENDOR NAME.,CUSTOMER
19-07-13,8:27:43,22-07-13,18:00:00,ZBVM,1100,22401,DL1LK0262,Maheshwari Tpt Service,176
19-07-13,8:27:43,22-07-13,18:00:00,ZBVM,1100,22401,DL1LK0262,Maheshwari Tpt Service,10102
19-07-13,8:27:43,22-07-13,18:00:00,ZBVM,1100,22401,DL1LK0262,Maheshwari Tpt Service,10134
19-07-13,8:27:43,22-07-13,18:00:00,ZBVM,1100,22401,DL1LK0262,Maheshwari Tpt Service,16663
19-07-13,8:27:43,22-07-13,18:00:00,ZBVM,1100,22401,DL1LK0262,Maheshwari Tpt Service,23136
19-07-13,8:27:43,22-07-13,18:00:00,ZBVM,1100,22401,DL1LK0262,Maheshwari Tpt Service,26106
19-07-13,8:27:43,22-07-13,18:00:00,ZBVM,1100,22401,DL1LK0262,Maheshwari Tpt Service,26636
19-07-13,8:27:43,22-07-13,18:00:00,ZBVM,1100,22401,DL1LK0262,Maheshwari Tpt Service,26694
19-07-13,8:27:43,22-07-13,18:00:00,ZBVM,1100,22401,DL1LK0262,Maheshwari Tpt Service,27669
19-07-13,6:58:20,22-07-13,18:00:00,ZBVM,1100,22403,DL1LG6691,Maheshwari Tpt Service,10611
19-07-13,6:58:20,22-07-13,18:00:00,ZBVM,1100,22403,DL1LG6691,Maheshwari Tpt Service,13632
19-07-13,6:58:20,22-07-13,18:00:00,ZBVM,1100,22403,DL1LG6691,Maheshwari Tpt Service,16650
19-07-13,6:58:20,22-07-13,18:00:00,ZBVM,1100,22403,DL1LG6691,Maheshwari Tpt Service,16679
19-07-13,6:58:20,22-07-13,18:00:00,ZBVM,1100,22403,DL1LG6691,Maheshwari Tpt Service,24664
19-07-13,6:58:20,22-07-13,18:00:00,ZBVM,1100,22403,DL1LG6691,Maheshwari Tpt Service,25634
19-07-13,6:58:20,22-07-13,18:00:00,ZBVM,1100,22403,DL1LG6691,Maheshwari Tpt Service,25636
19-07-13,6:58:20,22-07-13,18:00:00,ZBVM,1100,22403,DL1LG6691,Maheshwari Tpt Service,26680
19-07-13,6:58:20,22-07-13,18:00:00,ZBVM,1100,22403,DL1LG6691,Maheshwari Tpt Service,26693
19-07-13,6:58:20,22-07-13,18:00:00,ZBVM,1100,22403,DL1LG6691,Maheshwari Tpt Service,27631
19-07-13,6:58:20,22-07-13,18:00:00,ZBVM,1100,22403,DL1LG6691,Maheshwari Tpt Service,28602
19-07-13,6:58:20,22-07-13,18:00:00,ZBVM,1100,22403,DL1LG6691,Maheshwari Tpt Service,28611
19-07-13,6:58:20,22-07-13,18:00:00,ZBVM,1100,22403,DL1LG6691,Maheshwari Tpt Service,28625
19-07-13,6:58:20,22-07-13,18:00:00,ZBVM,1100,22403,DL1LG6691,Maheshwari Tpt Service,28653
19-07-13,7:27:57,22-07-13,18:00:00,ZBVM,1100,22404,DL1LS7036,Maheshwari Tpt Service,16668
19-07-13,7:27:57,22-07-13,18:00:00,ZBVM,1100,22404,DL1LS7036,Maheshwari Tpt Service,16685
19-07-13,7:27:57,22-07-13,18:00:00,ZBVM,1100,22404,DL1LS7036,Maheshwari Tpt Service,23624
19-07-13,7:27:57,22-07-13,18:00:00,ZBVM,1100,22404,DL1LS7036,Maheshwari Tpt Service,23671
19-07-13,7:27:57,22-07-13,18:00:00,ZBVM,1100,22404,DL1LS7036,Maheshwari Tpt Service,24610
19-07-13,7:27:57,22-07-13,18:00:00,ZBVM,1100,22404,DL1LS7036,Maheshwari Tpt Service,24617
19-07-13,7:27:57,22-07-13,18:00:00,ZBVM,1100,22404,DL1LS7036,Maheshwari Tpt Service,24634
19-07-13,7:27:57,22-07-13,18:00:00,ZBVM,1100,22404,DL1LS7036,Maheshwari Tpt Service,24688
19-07-13,7:27:57,22-07-13,18:00:00,ZBVM,1100,22404,DL1LS7036,Maheshwari Tpt Service,26511
19-07-13,7:27:57,22-07-13,18:00:00,ZBVM,1100,22404,DL1LS7036,Maheshwari Tpt Service,27556
19-07-13,7:27:57,22-07-13,18:00:00,ZBVM,1100,22404,DL1LS7036,Maheshwari Tpt Service,27557
19-07-13,7:27:57,22-07-13,18:00:00,ZBVM,1100,22404,DL1LS7036,Maheshwari Tpt Service,27644
19-07-13,7:27:57,22-07-13,18:00:00,ZBVM,1100,22404,DL1LS7036,Maheshwari Tpt Service,27673
19-07-13,7:27:57,22-07-13,18:00:00,ZBVM,1100,22404,DL1LS7036,Maheshwari Tpt Service,28580
19-07-13,7:27:57,22-07-13,18:00:00,ZBVM,1100,22404,DL1LS7036,Maheshwari Tpt Service,29511
19-07-13,7:27:57,22-07-13,18:00:00,ZBVM,1100,22404,DL1LS7036,Maheshwari Tpt Service,29514
19-07-13,7:34:00,22-07-13,18:00:00,ZBVM,1100,22405,DL1LG5980,Maheshwari Tpt Service,13903
19-07-13,7:34:00,22-07-13,18:00:00,ZBVM,1100,22405,DL1LG5980,Maheshwari Tpt Service,13904
19-07-13,7:34:00,22-07-13,18:00:00,ZBVM,1100,22405,DL1LG5980,Maheshwari Tpt Service,16906
19-07-13,7:34:00,22-07-13,18:00:00,ZBVM,1100,22405,DL1LG5980,Maheshwari Tpt Service,16908
19-07-13,7:34:00,22-07-13,18:00:00,ZBVM,1100,22405,DL1LG5980,Maheshwari Tpt Service,16916
19-07-13,7:34:00,22-07-13,18:00:00,ZBVM,1100,22405,DL1LG5980,Maheshwari Tpt Service,23902
19-07-13,7:34:00,22-07-13,18:00:00,ZBVM,1100,22405,DL1LG5980,Maheshwari Tpt Service,23903
19-07-13,7:34:00,22-07-13,18:00:00,ZBVM,1100,22405,DL1LG5980,Maheshwari Tpt Service,23904
19-07-13,7:34:00,22-07-13,18:00:00,ZBVM,1100,22405,DL1LG5980,Maheshwari Tpt Service,23906
19-07-13,7:34:00,22-07-13,18:00:00,ZBVM,1100,22405,DL1LG5980,Maheshwari Tpt Service,23915
19-07-13,7:34:00,22-07-13,18:00:00,ZBVM,1100,22405,DL1LG5980,Maheshwari Tpt Service,26903
19-07-13,7:34:00,22-07-13,18:00:00,ZBVM,1100,22405,DL1LG5980,Maheshwari Tpt Service,26918
19-07-13,7:34:00,22-07-13,18:00:00,ZBVM,1100,22405,DL1LG5980,Maheshwari Tpt Service,26920
19-07-13,7:34:00,22-07-13,18:00:00,ZBVM,1100,22405,DL1LG5980,Maheshwari Tpt Service,27905
19-07-13,7:34:00,22-07-13,18:00:00,ZBVM,1100,22405,DL1LG5980,Maheshwari Tpt Service,27906
19-07-13,7:34:00,22-07-13,18:00:00,ZBVM,1100,22405,DL1LG5980,Maheshwari Tpt Service,27912
19-07-13,7:34:00,22-07-13,18:00:00,ZBVM,1100,22405,DL1LG5980,Maheshwari Tpt Service,27914
19-07-13,7:34:00,22-07-13,18:00:00,ZBVM,1100,22405,DL1LG5980,Maheshwari Tpt Service,27919
19-07-13,7:34:00,22-07-13,18:00:00,ZBVM,1100,22405,DL1LG5980,Maheshwari Tpt Service,28901
19-07-13,7:37:47,22-07-13,18:00:00,ZBVM,1100,22407,DL1LG6584,Maheshwari Tpt Service,13621
19-07-13,7:37:47,22-07-13,18:00:00,ZBVM,1100,22407,DL1LG6584,Maheshwari Tpt Service,16560
19-07-13,7:37:47,22-07-13,18:00:00,ZBVM,1100,22407,DL1LG6584,Maheshwari Tpt Service,16605
19-07-13,7:37:47,22-07-13,18:00:00,ZBVM,1100,22407,DL1LG6584,Maheshwari Tpt Service,16620
19-07-13,7:37:47,22-07-13,18:00:00,ZBVM,1100,22407,DL1LG6584,Maheshwari Tpt Service,16687
19-07-13,7:37:47,22-07-13,18:00:00,ZBVM,1100,22407,DL1LG6584,Maheshwari Tpt Service,26502
19-07-13,7:37:47,22-07-13,18:00:00,ZBVM,1100,22407,DL1LG6584,Maheshwari Tpt Service,26568
19-07-13,7:37:47,22-07-13,18:00:00,ZBVM,1100,22407,DL1LG6584,Maheshwari Tpt Service,27536
19-07-13,7:37:47,22-07-13,18:00:00,ZBVM,1100,22407,DL1LG6584,Maheshwari Tpt Service,27561
19-07-13,7:37:47,22-07-13,18:00:00,ZBVM,1100,22407,DL1LG6584,Maheshwari Tpt Service,27595
19-07-13,7:37:47,22-07-13,18:00:00,ZBVM,1100,22407,DL1LG6584,Maheshwari Tpt Service,27597
19-07-13,7:37:47,22-07-13,18:00:00,ZBVM,1100,22407,DL1LG6584,Maheshwari Tpt Service,27602
19-07-13,7:37:47,22-07-13,18:00:00,ZBVM,1100,22407,DL1LG6584,Maheshwari Tpt Service,28523
19-07-13,7:37:47,22-07-13,18:00:00,ZBVM,1100,22407,DL1LG6584,Maheshwari Tpt Service,28548
19-07-13,7:37:47,22-07-13,18:00:00,ZBVM,1100,22407,DL1LG6584,Maheshwari Tpt Service,29522
19-07-13,8:11:23,22-07-13,18:00:00,ZBVM,1100,22408,DL1LP5915,SANJAY SHARMA,13001
19-07-13,8:11:23,22-07-13,18:00:00,ZBVM,1100,22408,DL1LP5915,SANJAY SHARMA,16027
19-07-13,8:11:23,22-07-13,18:00:00,ZBVM,1100,22408,DL1LP5915,SANJAY SHARMA,16029
19-07-13,8:11:23,22-07-13,18:00:00,ZBVM,1100,22408,DL1LP5915,SANJAY SHARMA,16079
19-07-13,8:11:23,22-07-13,18:00:00,ZBVM,1100,22408,DL1LP5915,SANJAY SHARMA,17023
19-07-13,8:11:23,22-07-13,18:00:00,ZBVM,1100,22408,DL1LP5915,SANJAY SHARMA,23076
19-07-13,8:11:23,22-07-13,18:00:00,ZBVM,1100,22408,DL1LP5915,SANJAY SHARMA,24018
19-07-13,8:11:23,22-07-13,18:00:00,ZBVM,1100,22408,DL1LP5915,SANJAY SHARMA,26078
19-07-13,8:11:23,22-07-13,18:00:00,ZBVM,1100,22408,DL1LP5915,SANJAY SHARMA,26081
19-07-13,8:11:23,22-07-13,18:00:00,ZBVM,1100,22408,DL1LP5915,SANJAY SHARMA,27043
19-07-13,8:11:23,22-07-13,18:00:00,ZBVM,1100,22408,DL1LP5915,SANJAY SHARMA,27054
19-07-13,6:47:48,22-07-13,18:00:00,ZBVM,1100,22409,DL1LS7037,Maheshwari Tpt Service,13901
19-07-13,6:47:48,22-07-13,18:00:00,ZBVM,1100,22409,DL1LS7037,Maheshwari Tpt Service,13902
19-07-13,6:47:48,22-07-13,18:00:00,ZBVM,1100,22409,DL1LS7037,Maheshwari Tpt Service,16112
19-07-13,6:47:48,22-07-13,18:00:00,ZBVM,1100,22409,DL1LS7037,Maheshwari Tpt Service,16913
19-07-13,6:47:48,22-07-13,18:00:00,ZBVM,1100,22409,DL1LS7037,Maheshwari Tpt Service,16915
19-07-13,6:47:48,22-07-13,18:00:00,ZBVM,1100,22409,DL1LS7037,Maheshwari Tpt Service,16918
19-07-13,6:47:48,22-07-13,18:00:00,ZBVM,1100,22409,DL1LS7037,Maheshwari Tpt Service,17102
19-07-13,6:47:48,22-07-13,18:00:00,ZBVM,1100,22409,DL1LS7037,Maheshwari Tpt Service,23901
19-07-13,6:47:48,22-07-13,18:00:00,ZBVM,1100,22409,DL1LS7037,Maheshwari Tpt Service,23913
19-07-13,6:47:48,22-07-13,18:00:00,ZBVM,1100,22409,DL1LS7037,Maheshwari Tpt Service,26919
19-07-13,6:47:48,22-07-13,18:00:00,ZBVM,1100,22409,DL1LS7037,Maheshwari Tpt Service,27019
19-07-13,6:47:48,22-07-13,18:00:00,ZBVM,1100,22409,DL1LS7037,Maheshwari Tpt Service,27902
19-07-13,6:47:48,22-07-13,18:00:00,ZBVM,1100,22409,DL1LS7037,Maheshwari Tpt Service,27911
19-07-13,6:47:48,22-07-13,18:00:00,ZBVM,1100,22409,DL1LS7037,Maheshwari Tpt Service,27918
19-07-13,7:17:04,22-07-13,18:00:00,ZBVM,1100,22410,DL1LG6583,Maheshwari Tpt Service,583
19-07-13,7:17:04,22-07-13,18:00:00,ZBVM,1100,22410,DL1LG6583,Maheshwari Tpt Service,16539
19-07-13,7:17:04,22-07-13,18:00:00,ZBVM,1100,22410,DL1LG6583,Maheshwari Tpt Service,16552
19-07-13,7:17:04,22-07-13,18:00:00,ZBVM,1100,22410,DL1LG6583,Maheshwari Tpt Service,16610
19-07-13,7:17:04,22-07-13,18:00:00,ZBVM,1100,22410,DL1LG6583,Maheshwari Tpt Service,17606
19-07-13,7:17:04,22-07-13,18:00:00,ZBVM,1100,22410,DL1LG6583,Maheshwari Tpt Service,23636
19-07-13,7:17:04,22-07-13,18:00:00,ZBVM,1100,22410,DL1LG6583,Maheshwari Tpt Service,23661
19-07-13,7:17:04,22-07-13,18:00:00,ZBVM,1100,22410,DL1LG6583,Maheshwari Tpt Service,23695
19-07-13,7:17:04,22-07-13,18:00:00,ZBVM,1100,22410,DL1LG6583,Maheshwari Tpt Service,26559
19-07-13,7:17:04,22-07-13,18:00:00,ZBVM,1100,22410,DL1LG6583,Maheshwari Tpt Service,27531
19-07-13,7:17:04,22-07-13,18:00:00,ZBVM,1100,22410,DL1LG6583,Maheshwari Tpt Service,27534
19-07-13,7:17:04,22-07-13,18:00:00,ZBVM,1100,22410,DL1LG6583,Maheshwari Tpt Service,28510
19-07-13,7:17:04,22-07-13,18:00:00,ZBVM,1100,22410,DL1LG6583,Maheshwari Tpt Service,28661
19-07-13,6:53:54,22-07-13,18:00:00,ZBVM,1100,22411,DL1LS5925,Maheshwari Tpt Service,1508
19-07-13,6:53:54,22-07-13,18:00:00,ZBVM,1100,22411,DL1LS5925,Maheshwari Tpt Service,1509
19-07-13,6:53:54,22-07-13,18:00:00,ZBVM,1100,22411,DL1LS5925,Maheshwari Tpt Service,13633
19-07-13,6:53:54,22-07-13,18:00:00,ZBVM,1100,22411,DL1LS5925,Maheshwari Tpt Service,16608
19-07-13,6:53:54,22-07-13,18:00:00,ZBVM,1100,22411,DL1LS5925,Maheshwari Tpt Service,16652
19-07-13,6:53:54,22-07-13,18:00:00,ZBVM,1100,22411,DL1LS5925,Maheshwari Tpt Service,23668
19-07-13,6:53:54,22-07-13,18:00:00,ZBVM,1100,22411,DL1LS5925,Maheshwari Tpt Service,23691
19-07-13,6:53:54,22-07-13,18:00:00,ZBVM,1100,22411,DL1LS5925,Maheshwari Tpt Service,24654
19-07-13,6:53:54,22-07-13,18:00:00,ZBVM,1100,22411,DL1LS5925,Maheshwari Tpt Service,27668
19-07-13,6:53:54,22-07-13,18:00:00,ZBVM,1100,22411,DL1LS5925,Maheshwari Tpt Service,28534
19-07-13,6:53:54,22-07-13,18:00:00,ZBVM,1100,22411,DL1LS5925,Maheshwari Tpt Service,28649
19-07-13,6:43:12,22-07-13,18:00:00,ZBVM,1100,22413,DL1LK0165,Maheshwari Tpt Service,144
19-07-13,6:43:12,22-07-13,18:00:00,ZBVM,1100,22413,DL1LK0165,Maheshwari Tpt Service,23694
19-07-13,6:43:12,22-07-13,18:00:00,ZBVM,1100,22413,DL1LK0165,Maheshwari Tpt Service,24639
19-07-13,6:43:12,22-07-13,18:00:00,ZBVM,1100,22413,DL1LK0165,Maheshwari Tpt Service,25607
19-07-13,6:43:12,22-07-13,18:00:00,ZBVM,1100,22413,DL1LK0165,Maheshwari Tpt Service,25615
19-07-13,6:43:12,22-07-13,18:00:00,ZBVM,1100,22413,DL1LK0165,Maheshwari Tpt Service,26643
19-07-13,6:43:12,22-07-13,18:00:00,ZBVM,1100,22413,DL1LK0165,Maheshwari Tpt Service,26664
19-07-13,6:43:12,22-07-13,18:00:00,ZBVM,1100,22413,DL1LK0165,Maheshwari Tpt Service,26671
19-07-13,6:43:12,22-07-13,18:00:00,ZBVM,1100,22413,DL1LK0165,Maheshwari Tpt Service,27605
19-07-13,6:43:12,22-07-13,18:00:00,ZBVM,1100,22413,DL1LK0165,Maheshwari Tpt Service,27619
19-07-13,6:43:12,22-07-13,18:00:00,ZBVM,1100,22413,DL1LK0165,Maheshwari Tpt Service,27637
19-07-13,6:43:12,22-07-13,18:00:00,ZBVM,1100,22413,DL1LK0165,Maheshwari Tpt Service,27656
19-07-13,6:43:12,22-07-13,18:00:00,ZBVM,1100,22413,DL1LK0165,Maheshwari Tpt Service,27688
19-07-13,6:43:12,22-07-13,18:00:00,ZBVM,1100,22413,DL1LK0165,Maheshwari Tpt Service,28640
19-07-13,6:43:12,22-07-13,18:00:00,ZBVM,1100,22413,DL1LK0165,Maheshwari Tpt Service,28650
19-07-13,7:11:21,22-07-13,18:00:00,ZBVM,1100,22415,DL1LG6692,Maheshwari Tpt Service,16562
19-07-13,7:11:21,22-07-13,18:00:00,ZBVM,1100,22415,DL1LG6692,Maheshwari Tpt Service,17508
19-07-13,7:11:21,22-07-13,18:00:00,ZBVM,1100,22415,DL1LG6692,Maheshwari Tpt Service,18599
19-07-13,7:11:21,22-07-13,18:00:00,ZBVM,1100,22415,DL1LG6692,Maheshwari Tpt Service,24544
19-07-13,7:11:21,22-07-13,18:00:00,ZBVM,1100,22415,DL1LG6692,Maheshwari Tpt Service,24558
19-07-13,7:11:21,22-07-13,18:00:00,ZBVM,1100,22415,DL1LG6692,Maheshwari Tpt Service,25627
19-07-13,7:11:21,22-07-13,18:00:00,ZBVM,1100,22415,DL1LG6692,Maheshwari Tpt Service,26513
19-07-13,7:11:21,22-07-13,18:00:00,ZBVM,1100,22415,DL1LG6692,Maheshwari Tpt Service,26527
19-07-13,7:11:21,22-07-13,18:00:00,ZBVM,1100,22415,DL1LG6692,Maheshwari Tpt Service,26548
19-07-13,7:11:21,22-07-13,18:00:00,ZBVM,1100,22415,DL1LG6692,Maheshwari Tpt Service,26685
19-07-13,7:11:21,22-07-13,18:00:00,ZBVM,1100,22415,DL1LG6692,Maheshwari Tpt Service,27564
19-07-13,7:11:21,22-07-13,18:00:00,ZBVM,1100,22415,DL1LG6692,Maheshwari Tpt Service,27566
19-07-13,7:11:21,22-07-13,18:00:00,ZBVM,1100,22415,DL1LG6692,Maheshwari Tpt Service,27576
19-07-13,7:11:21,22-07-13,18:00:00,ZBVM,1100,22415,DL1LG6692,Maheshwari Tpt Service,28519
19-07-13,7:11:21,22-07-13,18:00:00,ZBVM,1100,22415,DL1LG6692,Maheshwari Tpt Service,28550
19-07-13,6:35:03,22-07-13,18:00:00,ZBVM,1100,22417,DL1LG4886,Maheshwari Tpt Service,16535
19-07-13,6:35:03,22-07-13,18:00:00,ZBVM,1100,22417,DL1LG4886,Maheshwari Tpt Service,16556
19-07-13,6:35:03,22-07-13,18:00:00,ZBVM,1100,22417,DL1LG4886,Maheshwari Tpt Service,23535
19-07-13,6:35:03,22-07-13,18:00:00,ZBVM,1100,22417,DL1LG4886,Maheshwari Tpt Service,23542
19-07-13,6:35:03,22-07-13,18:00:00,ZBVM,1100,22417,DL1LG4886,Maheshwari Tpt Service,23595
19-07-13,6:35:03,22-07-13,18:00:00,ZBVM,1100,22417,DL1LG4886,Maheshwari Tpt Service,24537
19-07-13,6:35:03,22-07-13,18:00:00,ZBVM,1100,22417,DL1LG4886,Maheshwari Tpt Service,24550
19-07-13,6:35:03,22-07-13,18:00:00,ZBVM,1100,22417,DL1LG4886,Maheshwari Tpt Service,26534
19-07-13,6:35:03,22-07-13,18:00:00,ZBVM,1100,22417,DL1LG4886,Maheshwari Tpt Service,26535
19-07-13,6:35:03,22-07-13,18:00:00,ZBVM,1100,22417,DL1LG4886,Maheshwari Tpt Service,26597
19-07-13,6:35:03,22-07-13,18:00:00,ZBVM,1100,22417,DL1LG4886,Maheshwari Tpt Service,27539
19-07-13,6:35:03,22-07-13,18:00:00,ZBVM,1100,22417,DL1LG4886,Maheshwari Tpt Service,28527
19-07-13,6:35:03,22-07-13,18:00:00,ZBVM,1100,22417,DL1LG4886,Maheshwari Tpt Service,28539
19-07-13,6:35:03,22-07-13,18:00:00,ZBVM,1100,22417,DL1LG4886,Maheshwari Tpt Service,28557
19-07-13,6:35:03,22-07-13,18:00:00,ZBVM,1100,22417,DL1LG4886,Maheshwari Tpt Service,28586
19-07-13,6:35:03,22-07-13,18:00:00,ZBVM,1100,22417,DL1LG4886,Maheshwari Tpt Service,29505
19-07-13,6:35:03,22-07-13,18:00:00,ZBVM,1100,22417,DL1LG4886,Maheshwari Tpt Service,29506
19-07-13,6:35:03,22-07-13,18:00:00,ZBVM,1100,22417,DL1LG4886,Maheshwari Tpt Service,29507
19-07-13,8:15:53,22-07-13,18:00:00,ZBVM,1100,22418,DL1LP5913,SANJAY SHARMA,41
19-07-13,8:15:53,22-07-13,18:00:00,ZBVM,1100,22418,DL1LP5913,SANJAY SHARMA,16006
19-07-13,8:15:53,22-07-13,18:00:00,ZBVM,1100,22418,DL1LP5913,SANJAY SHARMA,16059
19-07-13,8:15:53,22-07-13,18:00:00,ZBVM,1100,22418,DL1LP5913,SANJAY SHARMA,17004
19-07-13,8:15:53,22-07-13,18:00:00,ZBVM,1100,22418,DL1LP5913,SANJAY SHARMA,19008
19-07-13,8:15:53,22-07-13,18:00:00,ZBVM,1100,22418,DL1LP5913,SANJAY SHARMA,24052
19-07-13,8:15:53,22-07-13,18:00:00,ZBVM,1100,22418,DL1LP5913,SANJAY SHARMA,26038
19-07-13,7:03:53,22-07-13,18:00:00,ZBVM,1100,22420,DL1LG6667,Maheshwari Tpt Service,16921
19-07-13,7:03:53,22-07-13,18:00:00,ZBVM,1100,22420,DL1LG6667,Maheshwari Tpt Service,16924
19-07-13,7:03:53,22-07-13,18:00:00,ZBVM,1100,22420,DL1LG6667,Maheshwari Tpt Service,23921
19-07-13,7:03:53,22-07-13,18:00:00,ZBVM,1100,22420,DL1LG6667,Maheshwari Tpt Service,23923
19-07-13,7:03:53,22-07-13,18:00:00,ZBVM,1100,22420,DL1LG6667,Maheshwari Tpt Service,23934
19-07-13,7:03:53,22-07-13,18:00:00,ZBVM,1100,22420,DL1LG6667,Maheshwari Tpt Service,25628
19-07-13,7:03:53,22-07-13,18:00:00,ZBVM,1100,22420,DL1LG6667,Maheshwari Tpt Service,26666
19-07-13,7:03:53,22-07-13,18:00:00,ZBVM,1100,22420,DL1LG6667,Maheshwari Tpt Service,26688
19-07-13,7:03:53,22-07-13,18:00:00,ZBVM,1100,22420,DL1LG6667,Maheshwari Tpt Service,27676
19-07-13,7:03:53,22-07-13,18:00:00,ZBVM,1100,22420,DL1LG6667,Maheshwari Tpt Service,27693
19-07-13,7:03:53,22-07-13,18:00:00,ZBVM,1100,22420,DL1LG6667,Maheshwari Tpt Service,27923
19-07-13,7:03:53,22-07-13,18:00:00,ZBVM,1100,22420,DL1LG6667,Maheshwari Tpt Service,27926
19-07-13,7:03:53,22-07-13,18:00:00,ZBVM,1100,22420,DL1LG6667,Maheshwari Tpt Service,27931
19-07-13,7:03:53,22-07-13,18:00:00,ZBVM,1100,22420,DL1LG6667,Maheshwari Tpt Service,27932
19-07-13,7:03:53,22-07-13,18:00:00,ZBVM,1100,22420,DL1LG6667,Maheshwari Tpt Service,27934
19-07-13,7:03:53,22-07-13,18:00:00,ZBVM,1100,22420,DL1LG6667,Maheshwari Tpt Service,27936
19-07-13,7:03:53,22-07-13,18:00:00,ZBVM,1100,22420,DL1LG6667,Maheshwari Tpt Service,27938
19-07-13,7:03:53,22-07-13,18:00:00,ZBVM,1100,22420,DL1LG6667,Maheshwari Tpt Service,27939
19-07-13,7:03:53,22-07-13,18:00:00,ZBVM,1100,22420,DL1LG6667,Maheshwari Tpt Service,28657
19-07-13,7:12:30,22-07-13,18:00:00,ZBVM,1100,22421,DL1LK0303,SHRI JAI GURUDEV TRANSPORT SER,1502
19-07-13,7:12:30,22-07-13,18:00:00,ZBVM,1100,22421,DL1LK0303,SHRI JAI GURUDEV TRANSPORT SER,1504
19-07-13,7:12:30,22-07-13,18:00:00,ZBVM,1100,22421,DL1LK0303,SHRI JAI GURUDEV TRANSPORT SER,16568
19-07-13,7:12:30,22-07-13,18:00:00,ZBVM,1100,22421,DL1LK0303,SHRI JAI GURUDEV TRANSPORT SER,23528
19-07-13,7:12:30,22-07-13,18:00:00,ZBVM,1100,22421,DL1LK0303,SHRI JAI GURUDEV TRANSPORT SER,23583
19-07-13,7:12:30,22-07-13,18:00:00,ZBVM,1100,22421,DL1LK0303,SHRI JAI GURUDEV TRANSPORT SER,23584
19-07-13,7:12:30,22-07-13,18:00:00,ZBVM,1100,22421,DL1LK0303,SHRI JAI GURUDEV TRANSPORT SER,23598
19-07-13,7:12:30,22-07-13,18:00:00,ZBVM,1100,22421,DL1LK0303,SHRI JAI GURUDEV TRANSPORT SER,24501
19-07-13,7:12:30,22-07-13,18:00:00,ZBVM,1100,22421,DL1LK0303,SHRI JAI GURUDEV TRANSPORT SER,25581
19-07-13,7:12:30,22-07-13,18:00:00,ZBVM,1100,22421,DL1LK0303,SHRI JAI GURUDEV TRANSPORT SER,26547
19-07-13,7:12:30,22-07-13,18:00:00,ZBVM,1100,22421,DL1LK0303,SHRI JAI GURUDEV TRANSPORT SER,27522
19-07-13,7:12:30,22-07-13,18:00:00,ZBVM,1100,22421,DL1LK0303,SHRI JAI GURUDEV TRANSPORT SER,29512
19-07-13,7:43:15,22-07-13,18:00:00,ZBVM,1100,22422,DL1LG5886,Maheshwari Tpt Service,16708
19-07-13,7:43:15,22-07-13,18:00:00,ZBVM,1100,22422,DL1LG5886,Maheshwari Tpt Service,23850
19-07-13,7:43:15,22-07-13,18:00:00,ZBVM,1100,22422,DL1LG5886,Maheshwari Tpt Service,24701
19-07-13,7:43:15,22-07-13,18:00:00,ZBVM,1100,22422,DL1LG5886,Maheshwari Tpt Service,25870
19-07-13,7:43:15,22-07-13,18:00:00,ZBVM,1100,22422,DL1LG5886,Maheshwari Tpt Service,25880
19-07-13,7:43:15,22-07-13,18:00:00,ZBVM,1100,22422,DL1LG5886,Maheshwari Tpt Service,25892
19-07-13,7:43:15,22-07-13,18:00:00,ZBVM,1100,22422,DL1LG5886,Maheshwari Tpt Service,25894
19-07-13,7:43:15,22-07-13,18:00:00,ZBVM,1100,22422,DL1LG5886,Maheshwari Tpt Service,26885
19-07-13,7:43:15,22-07-13,18:00:00,ZBVM,1100,22422,DL1LG5886,Maheshwari Tpt Service,27877
19-07-13,7:43:15,22-07-13,18:00:00,ZBVM,1100,22422,DL1LG5886,Maheshwari Tpt Service,28889
19-07-13,7:43:15,22-07-13,18:00:00,ZBVM,1100,22422,DL1LG5886,Maheshwari Tpt Service,29853
19-07-13,7:43:15,22-07-13,18:00:00,ZBVM,1100,22422,DL1LG5886,Maheshwari Tpt Service,29867
19-07-13,7:43:15,22-07-13,18:00:00,ZBVM,1100,22422,DL1LG5886,Maheshwari Tpt Service,29894
19-07-13,7:43:15,22-07-13,18:00:00,ZBVM,1100,22422,DL1LG5886,Maheshwari Tpt Service,30877
19-07-13,7:43:15,22-07-13,18:00:00,ZBVM,1100,22422,DL1LG5886,Maheshwari Tpt Service,30888
19-07-13,7:43:15,22-07-13,18:00:00,ZBVM,1100,22422,DL1LG5886,Maheshwari Tpt Service,31892
19-07-13,7:43:15,22-07-13,18:00:00,ZBVM,1100,22422,DL1LG5886,Maheshwari Tpt Service,31895
19-07-13,7:43:15,22-07-13,18:00:00,ZBVM,1100,22422,DL1LG5886,Maheshwari Tpt Service,32856
19-07-13,7:43:15,22-07-13,18:00:00,ZBVM,1100,22422,DL1LG5886,Maheshwari Tpt Service,32876
19-07-13,7:43:15,22-07-13,18:00:00,ZBVM,1100,22422,DL1LG5886,Maheshwari Tpt Service,32891
19-07-13,6:59:51,22-07-13,18:00:00,ZBVM,1100,22423,DL1LS1926,NEO HOSPITALITIES,13898
19-07-13,6:59:51,22-07-13,18:00:00,ZBVM,1100,22423,DL1LS1926,NEO HOSPITALITIES,16846
19-07-13,6:59:51,22-07-13,18:00:00,ZBVM,1100,22423,DL1LS1926,NEO HOSPITALITIES,23848
19-07-13,6:59:51,22-07-13,18:00:00,ZBVM,1100,22423,DL1LS1926,NEO HOSPITALITIES,23878
19-07-13,6:59:51,22-07-13,18:00:00,ZBVM,1100,22423,DL1LS1926,NEO HOSPITALITIES,25864
19-07-13,6:59:51,22-07-13,18:00:00,ZBVM,1100,22423,DL1LS1926,NEO HOSPITALITIES,25882
19-07-13,6:59:51,22-07-13,18:00:00,ZBVM,1100,22423,DL1LS1926,NEO HOSPITALITIES,26859
19-07-13,6:59:51,22-07-13,18:00:00,ZBVM,1100,22423,DL1LS1926,NEO HOSPITALITIES,26888
19-07-13,6:59:51,22-07-13,18:00:00,ZBVM,1100,22423,DL1LS1926,NEO HOSPITALITIES,29878
19-07-13,6:59:51,22-07-13,18:00:00,ZBVM,1100,22423,DL1LS1926,NEO HOSPITALITIES,30894
19-07-13,6:59:51,22-07-13,18:00:00,ZBVM,1100,22423,DL1LS1926,NEO HOSPITALITIES,31876
19-07-13,6:59:51,22-07-13,18:00:00,ZBVM,1100,22423,DL1LS1926,NEO HOSPITALITIES,31893
19-07-13,6:59:51,22-07-13,18:00:00,ZBVM,1100,22423,DL1LS1926,NEO HOSPITALITIES,31896
19-07-13,6:59:51,22-07-13,18:00:00,ZBVM,1100,22423,DL1LS1926,NEO HOSPITALITIES,32852
19-07-13,6:59:51,22-07-13,18:00:00,ZBVM,1100,22423,DL1LS1926,NEO HOSPITALITIES,32869
19-07-13,6:59:51,22-07-13,18:00:00,ZBVM,1100,22423,DL1LS1926,NEO HOSPITALITIES,32875
19-07-13,6:59:51,22-07-13,18:00:00,ZBVM,1100,22423,DL1LS1926,NEO HOSPITALITIES,32892
19-07-13,6:32:38,22-07-13,18:00:00,ZBVM,1100,22424,DL1LK0164,Maheshwari Tpt Service,13613
19-07-13,6:32:38,22-07-13,18:00:00,ZBVM,1100,22424,DL1LK0164,Maheshwari Tpt Service,16662
19-07-13,6:32:38,22-07-13,18:00:00,ZBVM,1100,22424,DL1LK0164,Maheshwari Tpt Service,23628
19-07-13,6:32:38,22-07-13,18:00:00,ZBVM,1100,22424,DL1LK0164,Maheshwari Tpt Service,23640
19-07-13,6:32:38,22-07-13,18:00:00,ZBVM,1100,22424,DL1LK0164,Maheshwari Tpt Service,23648
19-07-13,6:32:38,22-07-13,18:00:00,ZBVM,1100,22424,DL1LK0164,Maheshwari Tpt Service,23658
19-07-13,6:32:38,22-07-13,18:00:00,ZBVM,1100,22424,DL1LK0164,Maheshwari Tpt Service,23674
19-07-13,6:32:38,22-07-13,18:00:00,ZBVM,1100,22424,DL1LK0164,Maheshwari Tpt Service,24601
19-07-13,6:32:38,22-07-13,18:00:00,ZBVM,1100,22424,DL1LK0164,Maheshwari Tpt Service,24602
19-07-13,6:32:38,22-07-13,18:00:00,ZBVM,1100,22424,DL1LK0164,Maheshwari Tpt Service,24609
19-07-13,6:32:38,22-07-13,18:00:00,ZBVM,1100,22424,DL1LK0164,Maheshwari Tpt Service,24616
19-07-13,6:32:38,22-07-13,18:00:00,ZBVM,1100,22424,DL1LK0164,Maheshwari Tpt Service,24629
19-07-13,6:32:38,22-07-13,18:00:00,ZBVM,1100,22424,DL1LK0164,Maheshwari Tpt Service,24657
19-07-13,6:32:38,22-07-13,18:00:00,ZBVM,1100,22424,DL1LK0164,Maheshwari Tpt Service,24667
19-07-13,6:32:38,22-07-13,18:00:00,ZBVM,1100,22424,DL1LK0164,Maheshwari Tpt Service,25602
19-07-13,6:32:38,22-07-13,18:00:00,ZBVM,1100,22424,DL1LK0164,Maheshwari Tpt Service,27658
19-07-13,6:32:38,22-07-13,18:00:00,ZBVM,1100,22424,DL1LK0164,Maheshwari Tpt Service,28597
19-07-13,7:32:33,22-07-13,18:00:00,ZBVM,1100,22426,DL1LG5925,Maheshwari Tpt Service,13604
19-07-13,7:32:33,22-07-13,18:00:00,ZBVM,1100,22426,DL1LG5925,Maheshwari Tpt Service,13625
19-07-13,7:32:33,22-07-13,18:00:00,ZBVM,1100,22426,DL1LG5925,Maheshwari Tpt Service,13634
19-07-13,7:32:33,22-07-13,18:00:00,ZBVM,1100,22426,DL1LG5925,Maheshwari Tpt Service,16621
19-07-13,7:32:33,22-07-13,18:00:00,ZBVM,1100,22426,DL1LG5925,Maheshwari Tpt Service,23602
19-07-13,7:32:33,22-07-13,18:00:00,ZBVM,1100,22426,DL1LG5925,Maheshwari Tpt Service,23622
19-07-13,7:32:33,22-07-13,18:00:00,ZBVM,1100,22426,DL1LG5925,Maheshwari Tpt Service,23696
19-07-13,7:32:33,22-07-13,18:00:00,ZBVM,1100,22426,DL1LG5925,Maheshwari Tpt Service,24615
19-07-13,7:32:33,22-07-13,18:00:00,ZBVM,1100,22426,DL1LG5925,Maheshwari Tpt Service,24636
19-07-13,7:32:33,22-07-13,18:00:00,ZBVM,1100,22426,DL1LG5925,Maheshwari Tpt Service,26675
19-07-13,7:32:33,22-07-13,18:00:00,ZBVM,1100,22426,DL1LG5925,Maheshwari Tpt Service,27659
19-07-13,7:32:33,22-07-13,18:00:00,ZBVM,1100,22426,DL1LG5925,Maheshwari Tpt Service,27671
19-07-13,7:32:33,22-07-13,18:00:00,ZBVM,1100,22426,DL1LG5925,Maheshwari Tpt Service,27679
19-07-13,7:32:33,22-07-13,18:00:00,ZBVM,1100,22426,DL1LG5925,Maheshwari Tpt Service,28604
19-07-13,7:32:33,22-07-13,18:00:00,ZBVM,1100,22426,DL1LG5925,Maheshwari Tpt Service,28628
19-07-13,7:18:33,22-07-13,18:00:00,ZBVM,1100,22427,DL1LP5914,SANJAY SHARMA,23604
19-07-13,7:18:33,22-07-13,18:00:00,ZBVM,1100,22427,DL1LP5914,SANJAY SHARMA,23606
19-07-13,7:18:33,22-07-13,18:00:00,ZBVM,1100,22427,DL1LP5914,SANJAY SHARMA,24640
19-07-13,7:18:33,22-07-13,18:00:00,ZBVM,1100,22427,DL1LP5914,SANJAY SHARMA,24656
19-07-13,7:18:33,22-07-13,18:00:00,ZBVM,1100,22427,DL1LP5914,SANJAY SHARMA,24677
19-07-13,7:18:33,22-07-13,18:00:00,ZBVM,1100,22427,DL1LP5914,SANJAY SHARMA,24696
19-07-13,7:18:33,22-07-13,18:00:00,ZBVM,1100,22427,DL1LP5914,SANJAY SHARMA,25604
19-07-13,7:18:33,22-07-13,18:00:00,ZBVM,1100,22427,DL1LP5914,SANJAY SHARMA,25614
19-07-13,7:18:33,22-07-13,18:00:00,ZBVM,1100,22427,DL1LP5914,SANJAY SHARMA,26635
19-07-13,7:18:33,22-07-13,18:00:00,ZBVM,1100,22427,DL1LP5914,SANJAY SHARMA,26647
19-07-13,7:18:33,22-07-13,18:00:00,ZBVM,1100,22427,DL1LP5914,SANJAY SHARMA,26684
19-07-13,7:18:33,22-07-13,18:00:00,ZBVM,1100,22427,DL1LP5914,SANJAY SHARMA,27628
19-07-13,7:18:33,22-07-13,18:00:00,ZBVM,1100,22427,DL1LP5914,SANJAY SHARMA,27691
19-07-13,7:18:33,22-07-13,18:00:00,ZBVM,1100,22427,DL1LP5914,SANJAY SHARMA,28617
19-07-13,7:18:33,22-07-13,18:00:00,ZBVM,1100,22427,DL1LP5914,SANJAY SHARMA,28619
19-07-13,7:18:33,22-07-13,18:00:00,ZBVM,1100,22427,DL1LP5914,SANJAY SHARMA,28633
19-07-13,7:18:33,22-07-13,18:00:00,ZBVM,1100,22427,DL1LP5914,SANJAY SHARMA,28636
19-07-13,7:18:33,22-07-13,18:00:00,ZBVM,1100,22427,DL1LP5914,SANJAY SHARMA,28656
19-07-13,7:47:55,22-07-13,18:00:00,ZBVM,1100,22428,DL1LP4464,SANJAY SHARMA,13618
19-07-13,7:47:55,22-07-13,18:00:00,ZBVM,1100,22428,DL1LP4464,SANJAY SHARMA,13623
19-07-13,7:47:55,22-07-13,18:00:00,ZBVM,1100,22428,DL1LP4464,SANJAY SHARMA,16666
19-07-13,7:47:55,22-07-13,18:00:00,ZBVM,1100,22428,DL1LP4464,SANJAY SHARMA,16696
19-07-13,7:47:55,22-07-13,18:00:00,ZBVM,1100,22428,DL1LP4464,SANJAY SHARMA,23679
19-07-13,7:47:55,22-07-13,18:00:00,ZBVM,1100,22428,DL1LP4464,SANJAY SHARMA,24645
19-07-13,7:47:55,22-07-13,18:00:00,ZBVM,1100,22428,DL1LP4464,SANJAY SHARMA,24646
19-07-13,7:47:55,22-07-13,18:00:00,ZBVM,1100,22428,DL1LP4464,SANJAY SHARMA,24678
19-07-13,7:47:55,22-07-13,18:00:00,ZBVM,1100,22428,DL1LP4464,SANJAY SHARMA,25603
19-07-13,7:47:55,22-07-13,18:00:00,ZBVM,1100,22428,DL1LP4464,SANJAY SHARMA,26614
19-07-13,7:47:55,22-07-13,18:00:00,ZBVM,1100,22428,DL1LP4464,SANJAY SHARMA,26633
19-07-13,7:47:55,22-07-13,18:00:00,ZBVM,1100,22428,DL1LP4464,SANJAY SHARMA,27604
19-07-13,7:47:55,22-07-13,18:00:00,ZBVM,1100,22428,DL1LP4464,SANJAY SHARMA,27610
19-07-13,7:47:55,22-07-13,18:00:00,ZBVM,1100,22428,DL1LP4464,SANJAY SHARMA,27630
19-07-13,7:47:55,22-07-13,18:00:00,ZBVM,1100,22428,DL1LP4464,SANJAY SHARMA,27684
19-07-13,7:47:55,22-07-13,18:00:00,ZBVM,1100,22428,DL1LP4464,SANJAY SHARMA,27696
19-07-13,7:47:55,22-07-13,18:00:00,ZBVM,1100,22428,DL1LP4464,SANJAY SHARMA,28618
19-07-13,7:47:55,22-07-13,18:00:00,ZBVM,1100,22428,DL1LP4464,SANJAY SHARMA,28629
19-07-13,7:47:55,22-07-13,18:00:00,ZBVM,1100,22428,DL1LP4464,SANJAY SHARMA,28646
19-07-13,7:29:31,22-07-13,18:00:00,ZBVM,1100,22429,DL1LP6568,SANJAY SHARMA,10013
19-07-13,7:29:31,22-07-13,18:00:00,ZBVM,1100,22429,DL1LP6568,SANJAY SHARMA,13034
19-07-13,7:29:31,22-07-13,18:00:00,ZBVM,1100,22429,DL1LP6568,SANJAY SHARMA,16007
19-07-13,7:29:31,22-07-13,18:00:00,ZBVM,1100,22429,DL1LP6568,SANJAY SHARMA,16011
19-07-13,7:29:31,22-07-13,18:00:00,ZBVM,1100,22429,DL1LP6568,SANJAY SHARMA,17030
19-07-13,7:29:31,22-07-13,18:00:00,ZBVM,1100,22429,DL1LP6568,SANJAY SHARMA,24020
19-07-13,7:29:31,22-07-13,18:00:00,ZBVM,1100,22429,DL1LP6568,SANJAY SHARMA,24026
19-07-13,7:29:31,22-07-13,18:00:00,ZBVM,1100,22429,DL1LP6568,SANJAY SHARMA,24028
19-07-13,7:29:31,22-07-13,18:00:00,ZBVM,1100,22429,DL1LP6568,SANJAY SHARMA,24063
19-07-13,7:25:22,22-07-13,18:00:00,ZBVM,1100,22430,DL1LP8279,NEO HOSPITALITIES,13876
19-07-13,7:25:22,22-07-13,18:00:00,ZBVM,1100,22430,DL1LP8279,NEO HOSPITALITIES,13890
19-07-13,7:25:22,22-07-13,18:00:00,ZBVM,1100,22430,DL1LP8279,NEO HOSPITALITIES,13893
19-07-13,7:25:22,22-07-13,18:00:00,ZBVM,1100,22430,DL1LP8279,NEO HOSPITALITIES,16899
19-07-13,7:25:22,22-07-13,18:00:00,ZBVM,1100,22430,DL1LP8279,NEO HOSPITALITIES,23855
19-07-13,7:25:22,22-07-13,18:00:00,ZBVM,1100,22430,DL1LP8279,NEO HOSPITALITIES,23862
19-07-13,7:25:22,22-07-13,18:00:00,ZBVM,1100,22430,DL1LP8279,NEO HOSPITALITIES,24899
19-07-13,7:25:22,22-07-13,18:00:00,ZBVM,1100,22430,DL1LP8279,NEO HOSPITALITIES,26894
19-07-13,7:25:22,22-07-13,18:00:00,ZBVM,1100,22430,DL1LP8279,NEO HOSPITALITIES,26899
19-07-13,7:25:22,22-07-13,18:00:00,ZBVM,1100,22430,DL1LP8279,NEO HOSPITALITIES,29859
19-07-13,7:25:22,22-07-13,18:00:00,ZBVM,1100,22430,DL1LP8279,NEO HOSPITALITIES,30858
19-07-13,7:25:22,22-07-13,18:00:00,ZBVM,1100,22430,DL1LP8279,NEO HOSPITALITIES,30879
19-07-13,7:25:22,22-07-13,18:00:00,ZBVM,1100,22430,DL1LP8279,NEO HOSPITALITIES,31854
19-07-13,7:25:22,22-07-13,18:00:00,ZBVM,1100,22430,DL1LP8279,NEO HOSPITALITIES,31867
19-07-13,7:25:22,22-07-13,18:00:00,ZBVM,1100,22430,DL1LP8279,NEO HOSPITALITIES,31877
19-07-13,7:25:22,22-07-13,18:00:00,ZBVM,1100,22430,DL1LP8279,NEO HOSPITALITIES,31883
19-07-13,7:25:22,22-07-13,18:00:00,ZBVM,1100,22430,DL1LP8279,NEO HOSPITALITIES,32863
19-07-13,7:25:22,22-07-13,18:00:00,ZBVM,1100,22430,DL1LP8279,NEO HOSPITALITIES,32867
19-07-13,7:59:09,22-07-13,18:00:00,ZBVM,1100,22431,DL1LE7747,SHRI JAI GURUDEV TRANSPORT SER,517
19-07-13,7:59:09,22-07-13,18:00:00,ZBVM,1100,22431,DL1LE7747,SHRI JAI GURUDEV TRANSPORT SER,16549
19-07-13,7:59:09,22-07-13,18:00:00,ZBVM,1100,22431,DL1LE7747,SHRI JAI GURUDEV TRANSPORT SER,16563
19-07-13,7:59:09,22-07-13,18:00:00,ZBVM,1100,22431,DL1LE7747,SHRI JAI GURUDEV TRANSPORT SER,16567
19-07-13,7:59:09,22-07-13,18:00:00,ZBVM,1100,22431,DL1LE7747,SHRI JAI GURUDEV TRANSPORT SER,23504
19-07-13,7:59:09,22-07-13,18:00:00,ZBVM,1100,22431,DL1LE7747,SHRI JAI GURUDEV TRANSPORT SER,23524
19-07-13,7:59:09,22-07-13,18:00:00,ZBVM,1100,22431,DL1LE7747,SHRI JAI GURUDEV TRANSPORT SER,25580
19-07-13,7:59:09,22-07-13,18:00:00,ZBVM,1100,22431,DL1LE7747,SHRI JAI GURUDEV TRANSPORT SER,26541
19-07-13,7:59:09,22-07-13,18:00:00,ZBVM,1100,22431,DL1LE7747,SHRI JAI GURUDEV TRANSPORT SER,26582
19-07-13,7:13:53,22-07-13,18:00:00,ZBVM,1100,22432,DL1LS1927,NEO HOSPITALITIES,13879
19-07-13,7:13:53,22-07-13,18:00:00,ZBVM,1100,22432,DL1LS1927,NEO HOSPITALITIES,13882
19-07-13,7:13:53,22-07-13,18:00:00,ZBVM,1100,22432,DL1LS1927,NEO HOSPITALITIES,23860
19-07-13,7:13:53,22-07-13,18:00:00,ZBVM,1100,22432,DL1LS1927,NEO HOSPITALITIES,23871
19-07-13,7:13:53,22-07-13,18:00:00,ZBVM,1100,22432,DL1LS1927,NEO HOSPITALITIES,23877
19-07-13,7:13:53,22-07-13,18:00:00,ZBVM,1100,22432,DL1LS1927,NEO HOSPITALITIES,25855
19-07-13,7:13:53,22-07-13,18:00:00,ZBVM,1100,22432,DL1LS1927,NEO HOSPITALITIES,25861
19-07-13,7:13:53,22-07-13,18:00:00,ZBVM,1100,22432,DL1LS1927,NEO HOSPITALITIES,27861
19-07-13,7:13:53,22-07-13,18:00:00,ZBVM,1100,22432,DL1LS1927,NEO HOSPITALITIES,30854
19-07-13,7:13:53,22-07-13,18:00:00,ZBVM,1100,22432,DL1LS1927,NEO HOSPITALITIES,31857
19-07-13,7:13:53,22-07-13,18:00:00,ZBVM,1100,22432,DL1LS1927,NEO HOSPITALITIES,31858
19-07-13,7:13:53,22-07-13,18:00:00,ZBVM,1100,22432,DL1LS1927,NEO HOSPITALITIES,31875
19-07-13,7:13:53,22-07-13,18:00:00,ZBVM,1100,22432,DL1LS1927,NEO HOSPITALITIES,32868
19-07-13,7:13:53,22-07-13,18:00:00,ZBVM,1100,22432,DL1LS1927,NEO HOSPITALITIES,32898
19-07-13,7:13:53,22-07-13,18:00:00,ZBVM,1100,22432,DL1LS1927,NEO HOSPITALITIES,33851
19-07-13,8:03:47,22-07-13,18:00:00,ZBVM,1100,22434,DL1M4349,NEO HOSPITALITIES,13874
19-07-13,8:03:47,22-07-13,18:00:00,ZBVM,1100,22434,DL1M4349,NEO HOSPITALITIES,16891
19-07-13,8:03:47,22-07-13,18:00:00,ZBVM,1100,22434,DL1M4349,NEO HOSPITALITIES,23885
19-07-13,8:03:47,22-07-13,18:00:00,ZBVM,1100,22434,DL1M4349,NEO HOSPITALITIES,23886
19-07-13,8:03:47,22-07-13,18:00:00,ZBVM,1100,22434,DL1M4349,NEO HOSPITALITIES,24855
19-07-13,8:03:47,22-07-13,18:00:00,ZBVM,1100,22434,DL1M4349,NEO HOSPITALITIES,24884
19-07-13,8:03:47,22-07-13,18:00:00,ZBVM,1100,22434,DL1M4349,NEO HOSPITALITIES,25851
19-07-13,8:03:47,22-07-13,18:00:00,ZBVM,1100,22434,DL1M4349,NEO HOSPITALITIES,26891
19-07-13,8:03:47,22-07-13,18:00:00,ZBVM,1100,22434,DL1M4349,NEO HOSPITALITIES,27858
19-07-13,8:03:47,22-07-13,18:00:00,ZBVM,1100,22434,DL1M4349,NEO HOSPITALITIES,27862
19-07-13,8:03:47,22-07-13,18:00:00,ZBVM,1100,22434,DL1M4349,NEO HOSPITALITIES,27892
19-07-13,8:03:47,22-07-13,18:00:00,ZBVM,1100,22434,DL1M4349,NEO HOSPITALITIES,28852
19-07-13,8:03:47,22-07-13,18:00:00,ZBVM,1100,22434,DL1M4349,NEO HOSPITALITIES,29874
19-07-13,8:03:47,22-07-13,18:00:00,ZBVM,1100,22434,DL1M4349,NEO HOSPITALITIES,30878
19-07-13,8:03:47,22-07-13,18:00:00,ZBVM,1100,22434,DL1M4349,NEO HOSPITALITIES,32883
19-07-13,8:03:47,22-07-13,18:00:00,ZBVM,1100,22434,DL1M4349,NEO HOSPITALITIES,32897
19-07-13,8:03:47,22-07-13,18:00:00,ZBVM,1100,22434,DL1M4349,NEO HOSPITALITIES,33852
19-07-13,7:20:57,22-07-13,18:00:00,ZBVM,1100,22435,DL1LE9154,SHRI JAI GURUDEV TRANSPORT SER,16840
19-07-13,7:20:57,22-07-13,18:00:00,ZBVM,1100,22435,DL1LE9154,SHRI JAI GURUDEV TRANSPORT SER,16880
19-07-13,7:20:57,22-07-13,18:00:00,ZBVM,1100,22435,DL1LE9154,SHRI JAI GURUDEV TRANSPORT SER,17852
19-07-13,7:20:57,22-07-13,18:00:00,ZBVM,1100,22435,DL1LE9154,SHRI JAI GURUDEV TRANSPORT SER,23829
19-07-13,7:20:57,22-07-13,18:00:00,ZBVM,1100,22435,DL1LE9154,SHRI JAI GURUDEV TRANSPORT SER,23846
19-07-13,7:20:57,22-07-13,18:00:00,ZBVM,1100,22435,DL1LE9154,SHRI JAI GURUDEV TRANSPORT SER,23853
19-07-13,7:20:57,22-07-13,18:00:00,ZBVM,1100,22435,DL1LE9154,SHRI JAI GURUDEV TRANSPORT SER,23864
19-07-13,7:20:57,22-07-13,18:00:00,ZBVM,1100,22435,DL1LE9154,SHRI JAI GURUDEV TRANSPORT SER,23881
19-07-13,7:20:57,22-07-13,18:00:00,ZBVM,1100,22435,DL1LE9154,SHRI JAI GURUDEV TRANSPORT SER,23882
19-07-13,7:20:57,22-07-13,18:00:00,ZBVM,1100,22435,DL1LE9154,SHRI JAI GURUDEV TRANSPORT SER,24794
19-07-13,7:20:57,22-07-13,18:00:00,ZBVM,1100,22435,DL1LE9154,SHRI JAI GURUDEV TRANSPORT SER,24809
19-07-13,7:20:57,22-07-13,18:00:00,ZBVM,1100,22435,DL1LE9154,SHRI JAI GURUDEV TRANSPORT SER,24857
19-07-13,7:20:57,22-07-13,18:00:00,ZBVM,1100,22435,DL1LE9154,SHRI JAI GURUDEV TRANSPORT SER,25876
19-07-13,7:20:57,22-07-13,18:00:00,ZBVM,1100,22435,DL1LE9154,SHRI JAI GURUDEV TRANSPORT SER,26818
19-07-13,7:20:57,22-07-13,18:00:00,ZBVM,1100,22435,DL1LE9154,SHRI JAI GURUDEV TRANSPORT SER,27812
19-07-13,7:20:57,22-07-13,18:00:00,ZBVM,1100,22435,DL1LE9154,SHRI JAI GURUDEV TRANSPORT SER,27883
19-07-13,7:20:57,22-07-13,18:00:00,ZBVM,1100,22435,DL1LE9154,SHRI JAI GURUDEV TRANSPORT SER,32861
19-07-13,6:44:41,22-07-13,18:00:00,ZBVM,1100,22505,DL1M6365,KALKA TRANSPORT SERVICE,129
19-07-13,6:44:41,22-07-13,18:00:00,ZBVM,1100,22505,DL1M6365,KALKA TRANSPORT SERVICE,130
19-07-13,6:44:41,22-07-13,18:00:00,ZBVM,1100,22505,DL1M6365,KALKA TRANSPORT SERVICE,132
19-07-13,6:44:41,22-07-13,18:00:00,ZBVM,1100,22505,DL1M6365,KALKA TRANSPORT SERVICE,133
19-07-13,6:44:41,22-07-13,18:00:00,ZBVM,1100,22505,DL1M6365,KALKA TRANSPORT SERVICE,137
19-07-13,6:44:41,22-07-13,18:00:00,ZBVM,1100,22505,DL1M6365,KALKA TRANSPORT SERVICE,140
19-07-13,6:44:41,22-07-13,18:00:00,ZBVM,1100,22505,DL1M6365,KALKA TRANSPORT SERVICE,901
19-07-13,6:44:41,22-07-13,18:00:00,ZBVM,1100,22505,DL1M6365,KALKA TRANSPORT SERVICE,903
19-07-13,6:44:41,22-07-13,18:00:00,ZBVM,1100,22505,DL1M6365,KALKA TRANSPORT SERVICE,904
19-07-13,6:44:41,22-07-13,18:00:00,ZBVM,1100,22505,DL1M6365,KALKA TRANSPORT SERVICE,915
19-07-13,6:44:41,22-07-13,18:00:00,ZBVM,1100,22505,DL1M6365,KALKA TRANSPORT SERVICE,919
19-07-13,6:44:41,22-07-13,18:00:00,ZBVM,1100,22505,DL1M6365,KALKA TRANSPORT SERVICE,922
19-07-13,6:44:41,22-07-13,18:00:00,ZBVM,1100,22505,DL1M6365,KALKA TRANSPORT SERVICE,924
19-07-13,6:44:41,22-07-13,18:00:00,ZBVM,1100,22505,DL1M6365,KALKA TRANSPORT SERVICE,16917
19-07-13,6:58:36,22-07-13,18:00:00,ZBVM,1100,22506,DL1M6363,KALKA TRANSPORT SERVICE,902
19-07-13,6:58:36,22-07-13,18:00:00,ZBVM,1100,22506,DL1M6363,KALKA TRANSPORT SERVICE,905
19-07-13,6:58:36,22-07-13,18:00:00,ZBVM,1100,22506,DL1M6363,KALKA TRANSPORT SERVICE,906
19-07-13,6:58:36,22-07-13,18:00:00,ZBVM,1100,22506,DL1M6363,KALKA TRANSPORT SERVICE,907
19-07-13,6:58:36,22-07-13,18:00:00,ZBVM,1100,22506,DL1M6363,KALKA TRANSPORT SERVICE,920
19-07-13,6:58:36,22-07-13,18:00:00,ZBVM,1100,22506,DL1M6363,KALKA TRANSPORT SERVICE,934
19-07-13,6:58:36,22-07-13,18:00:00,ZBVM,1100,22506,DL1M6363,KALKA TRANSPORT SERVICE,1002
19-07-13,6:58:36,22-07-13,18:00:00,ZBVM,1100,22506,DL1M6363,KALKA TRANSPORT SERVICE,10080
19-07-13,6:58:36,22-07-13,18:00:00,ZBVM,1100,22506,DL1M6363,KALKA TRANSPORT SERVICE,16905
19-07-13,6:58:36,22-07-13,18:00:00,ZBVM,1100,22506,DL1M6363,KALKA TRANSPORT SERVICE,17903
19-07-13,6:58:36,22-07-13,18:00:00,ZBVM,1100,22506,DL1M6363,KALKA TRANSPORT SERVICE,19902
19-07-13,7:24:55,22-07-13,18:00:00,ZBVM,1100,22604,DL1LP8218,SATLUJ GOODS CARRIERS,13955
19-07-13,7:24:55,22-07-13,18:00:00,ZBVM,1100,22604,DL1LP8218,SATLUJ GOODS CARRIERS,16971
19-07-13,7:24:55,22-07-13,18:00:00,ZBVM,1100,22604,DL1LP8218,SATLUJ GOODS CARRIERS,16987
19-07-13,7:24:55,22-07-13,18:00:00,ZBVM,1100,22604,DL1LP8218,SATLUJ GOODS CARRIERS,17951
19-07-13,7:24:55,22-07-13,18:00:00,ZBVM,1100,22604,DL1LP8218,SATLUJ GOODS CARRIERS,17956
19-07-13,7:24:55,22-07-13,18:00:00,ZBVM,1100,22604,DL1LP8218,SATLUJ GOODS CARRIERS,23955
19-07-13,7:24:55,22-07-13,18:00:00,ZBVM,1100,22604,DL1LP8218,SATLUJ GOODS CARRIERS,23971
19-07-13,7:24:55,22-07-13,18:00:00,ZBVM,1100,22604,DL1LP8218,SATLUJ GOODS CARRIERS,23973
19-07-13,7:24:55,22-07-13,18:00:00,ZBVM,1100,22604,DL1LP8218,SATLUJ GOODS CARRIERS,26977
19-07-13,7:24:55,22-07-13,18:00:00,ZBVM,1100,22604,DL1LP8218,SATLUJ GOODS CARRIERS,26984
19-07-13,7:27:42,22-07-13,18:00:00,ZBVM,1100,22605,DL1M5194,SHRI JAI GURUDEV TRANSPORT SER,349
19-07-13,7:27:42,22-07-13,18:00:00,ZBVM,1100,22605,DL1M5194,SHRI JAI GURUDEV TRANSPORT SER,407
19-07-13,7:27:42,22-07-13,18:00:00,ZBVM,1100,22605,DL1M5194,SHRI JAI GURUDEV TRANSPORT SER,416
19-07-13,7:27:42,22-07-13,18:00:00,ZBVM,1100,22605,DL1M5194,SHRI JAI GURUDEV TRANSPORT SER,523
19-07-13,7:27:42,22-07-13,18:00:00,ZBVM,1100,22605,DL1M5194,SHRI JAI GURUDEV TRANSPORT SER,23564
19-07-13,7:27:42,22-07-13,18:00:00,ZBVM,1100,22605,DL1M5194,SHRI JAI GURUDEV TRANSPORT SER,26308
19-07-13,7:27:42,22-07-13,18:00:00,ZBVM,1100,22605,DL1M5194,SHRI JAI GURUDEV TRANSPORT SER,28574
19-07-13,7:27:42,22-07-13,18:00:00,ZBVM,1100,22605,DL1M5194,SHRI JAI GURUDEV TRANSPORT SER,28703
19-07-13,7:53:58,22-07-13,18:00:00,ZBVM,1100,22609,DL1LP8571,JEET TRANSPORT COMPANY,655
19-07-13,7:53:58,22-07-13,18:00:00,ZBVM,1100,22609,DL1LP8571,JEET TRANSPORT COMPANY,663
19-07-13,7:53:58,22-07-13,18:00:00,ZBVM,1100,22609,DL1LP8571,JEET TRANSPORT COMPANY,1603
19-07-13,7:53:58,22-07-13,18:00:00,ZBVM,1100,22609,DL1LP8571,JEET TRANSPORT COMPANY,10214
19-07-13,7:53:58,22-07-13,18:00:00,ZBVM,1100,22609,DL1LP8571,JEET TRANSPORT COMPANY,16603
19-07-13,7:53:58,22-07-13,18:00:00,ZBVM,1100,22609,DL1LP8571,JEET TRANSPORT COMPANY,23609
19-07-13,7:53:58,22-07-13,18:00:00,ZBVM,1100,22609,DL1LP8571,JEET TRANSPORT COMPANY,23662
19-07-13,7:53:58,22-07-13,18:00:00,ZBVM,1100,22609,DL1LP8571,JEET TRANSPORT COMPANY,23687
19-07-13,7:53:58,22-07-13,18:00:00,ZBVM,1100,22609,DL1LP8571,JEET TRANSPORT COMPANY,24627
19-07-13,7:53:58,22-07-13,18:00:00,ZBVM,1100,22609,DL1LP8571,JEET TRANSPORT COMPANY,25639
19-07-13,7:53:58,22-07-13,18:00:00,ZBVM,1100,22609,DL1LP8571,JEET TRANSPORT COMPANY,26690
19-07-13,7:17:18,22-07-13,18:00:00,ZBVM,1100,22610,DL1LP6217,JEET TRANSPORT COMPANY,602
19-07-13,7:17:18,22-07-13,18:00:00,ZBVM,1100,22610,DL1LP6217,JEET TRANSPORT COMPANY,616
19-07-13,7:17:18,22-07-13,18:00:00,ZBVM,1100,22610,DL1LP6217,JEET TRANSPORT COMPANY,632
19-07-13,7:17:18,22-07-13,18:00:00,ZBVM,1100,22610,DL1LP6217,JEET TRANSPORT COMPANY,16101
19-07-13,7:17:18,22-07-13,18:00:00,ZBVM,1100,22610,DL1LP6217,JEET TRANSPORT COMPANY,23080
19-07-13,7:17:18,22-07-13,18:00:00,ZBVM,1100,22610,DL1LP6217,JEET TRANSPORT COMPANY,23085
19-07-13,7:17:18,22-07-13,18:00:00,ZBVM,1100,22610,DL1LP6217,JEET TRANSPORT COMPANY,23102
19-07-13,7:17:18,22-07-13,18:00:00,ZBVM,1100,22610,DL1LP6217,JEET TRANSPORT COMPANY,23109
19-07-13,7:17:18,22-07-13,18:00:00,ZBVM,1100,22610,DL1LP6217,JEET TRANSPORT COMPANY,23111
19-07-13,7:17:18,22-07-13,18:00:00,ZBVM,1100,22610,DL1LP6217,JEET TRANSPORT COMPANY,23125
19-07-13,7:17:18,22-07-13,18:00:00,ZBVM,1100,22610,DL1LP6217,JEET TRANSPORT COMPANY,23134
19-07-13,7:17:18,22-07-13,18:00:00,ZBVM,1100,22610,DL1LP6217,JEET TRANSPORT COMPANY,26116
19-07-13,7:17:18,22-07-13,18:00:00,ZBVM,1100,22610,DL1LP6217,JEET TRANSPORT COMPANY,26125
19-07-13,7:17:18,22-07-13,18:00:00,ZBVM,1100,22610,DL1LP6217,JEET TRANSPORT COMPANY,26133
19-07-13,0:00:00,22-07-13,18:00:00,ZBVM,1100,22611,DL1M5163,SHRI JAI GURUDEV TRANSPORT SER,10505
19-07-13,0:00:00,22-07-13,18:00:00,ZBVM,1100,22611,DL1M5163,SHRI JAI GURUDEV TRANSPORT SER,23505
19-07-13,0:00:00,22-07-13,18:00:00,ZBVM,1100,22611,DL1M5163,SHRI JAI GURUDEV TRANSPORT SER,23506
19-07-13,0:00:00,22-07-13,18:00:00,ZBVM,1100,22611,DL1M5163,SHRI JAI GURUDEV TRANSPORT SER,23509
19-07-13,0:00:00,22-07-13,18:00:00,ZBVM,1100,22611,DL1M5163,SHRI JAI GURUDEV TRANSPORT SER,23512
19-07-13,0:00:00,22-07-13,18:00:00,ZBVM,1100,22611,DL1M5163,SHRI JAI GURUDEV TRANSPORT SER,23563
19-07-13,0:00:00,22-07-13,18:00:00,ZBVM,1100,22611,DL1M5163,SHRI JAI GURUDEV TRANSPORT SER,23588
19-07-13,0:00:00,22-07-13,18:00:00,ZBVM,1100,22611,DL1M5163,SHRI JAI GURUDEV TRANSPORT SER,24534
19-07-13,0:00:00,22-07-13,18:00:00,ZBVM,1100,22611,DL1M5163,SHRI JAI GURUDEV TRANSPORT SER,26501
19-07-13,0:00:00,22-07-13,18:00:00,ZBVM,1100,22611,DL1M5163,SHRI JAI GURUDEV TRANSPORT SER,26589
19-07-13,0:00:00,22-07-13,18:00:00,ZBVM,1100,22611,DL1M5163,SHRI JAI GURUDEV TRANSPORT SER,27554
19-07-13,0:00:00,22-07-13,18:00:00,ZBVM,1100,22611,DL1M5163,SHRI JAI GURUDEV TRANSPORT SER,27571
19-07-13,0:00:00,22-07-13,18:00:00,ZBVM,1100,22611,DL1M5163,SHRI JAI GURUDEV TRANSPORT SER,27582
19-07-13,0:00:00,22-07-13,18:00:00,ZBVM,1100,22611,DL1M5163,SHRI JAI GURUDEV TRANSPORT SER,28504
19-07-13,0:00:00,22-07-13,18:00:00,ZBVM,1100,22611,DL1M5163,SHRI JAI GURUDEV TRANSPORT SER,28506
19-07-13,0:00:00,22-07-13,18:00:00,ZBVM,1100,22611,DL1M5163,SHRI JAI GURUDEV TRANSPORT SER,28573
19-07-13,0:00:00,22-07-13,18:00:00,ZBVM,1100,22611,DL1M5163,SHRI JAI GURUDEV TRANSPORT SER,29501
19-07-13,7:11:24,22-07-13,18:00:00,ZBVM,1100,22616,DL1M5153,SHRI JAI GURUDEV TRANSPORT SER,16576
19-07-13,7:11:24,22-07-13,18:00:00,ZBVM,1100,22616,DL1M5153,SHRI JAI GURUDEV TRANSPORT SER,23514
19-07-13,7:11:24,22-07-13,18:00:00,ZBVM,1100,22616,DL1M5153,SHRI JAI GURUDEV TRANSPORT SER,23561
19-07-13,7:11:24,22-07-13,18:00:00,ZBVM,1100,22616,DL1M5153,SHRI JAI GURUDEV TRANSPORT SER,23576
19-07-13,7:11:24,22-07-13,18:00:00,ZBVM,1100,22616,DL1M5153,SHRI JAI GURUDEV TRANSPORT SER,24504
19-07-13,7:11:24,22-07-13,18:00:00,ZBVM,1100,22616,DL1M5153,SHRI JAI GURUDEV TRANSPORT SER,24530
19-07-13,7:11:24,22-07-13,18:00:00,ZBVM,1100,22616,DL1M5153,SHRI JAI GURUDEV TRANSPORT SER,24548
19-07-13,7:11:24,22-07-13,18:00:00,ZBVM,1100,22616,DL1M5153,SHRI JAI GURUDEV TRANSPORT SER,24561
19-07-13,7:11:24,22-07-13,18:00:00,ZBVM,1100,22616,DL1M5153,SHRI JAI GURUDEV TRANSPORT SER,24571
19-07-13,7:11:24,22-07-13,18:00:00,ZBVM,1100,22616,DL1M5153,SHRI JAI GURUDEV TRANSPORT SER,27581
19-07-13,7:11:24,22-07-13,18:00:00,ZBVM,1100,22616,DL1M5153,SHRI JAI GURUDEV TRANSPORT SER,28578
19-07-13,7:11:24,22-07-13,18:00:00,ZBVM,1100,22616,DL1M5153,SHRI JAI GURUDEV TRANSPORT SER,29525
19-07-13,7:45:10,22-07-13,18:00:00,ZBVM,1100,22618,DL1LR2017,JEET TRANSPORT COMPANY,23107
19-07-13,7:45:10,22-07-13,18:00:00,ZBVM,1100,22618,DL1LR2017,JEET TRANSPORT COMPANY,23113
19-07-13,7:45:10,22-07-13,18:00:00,ZBVM,1100,22618,DL1LR2017,JEET TRANSPORT COMPANY,23117
19-07-13,7:45:10,22-07-13,18:00:00,ZBVM,1100,22618,DL1LR2017,JEET TRANSPORT COMPANY,23123
19-07-13,7:45:10,22-07-13,18:00:00,ZBVM,1100,22618,DL1LR2017,JEET TRANSPORT COMPANY,23130
19-07-13,7:45:10,22-07-13,18:00:00,ZBVM,1100,22618,DL1LR2017,JEET TRANSPORT COMPANY,23137
19-07-13,7:45:10,22-07-13,18:00:00,ZBVM,1100,22618,DL1LR2017,JEET TRANSPORT COMPANY,26115
19-07-13,7:45:10,22-07-13,18:00:00,ZBVM,1100,22618,DL1LR2017,JEET TRANSPORT COMPANY,26119
19-07-13,7:45:10,22-07-13,18:00:00,ZBVM,1100,22618,DL1LR2017,JEET TRANSPORT COMPANY,26123
19-07-13,7:45:10,22-07-13,18:00:00,ZBVM,1100,22618,DL1LR2017,JEET TRANSPORT COMPANY,26126
19-07-13,7:45:10,22-07-13,18:00:00,ZBVM,1100,22618,DL1LR2017,JEET TRANSPORT COMPANY,26136
19-07-13,7:45:10,22-07-13,18:00:00,ZBVM,1100,22618,DL1LR2017,JEET TRANSPORT COMPANY,26140
19-07-13,7:45:10,22-07-13,18:00:00,ZBVM,1100,22618,DL1LR2017,JEET TRANSPORT COMPANY,27664
19-07-13,7:47:57,22-07-13,18:00:00,ZBVM,1100,22619,DL1LP9466,SATLUJ GOODS CARRIERS,16717
19-07-13,7:47:57,22-07-13,18:00:00,ZBVM,1100,22619,DL1LP9466,SATLUJ GOODS CARRIERS,16884
19-07-13,7:47:57,22-07-13,18:00:00,ZBVM,1100,22619,DL1LP9466,SATLUJ GOODS CARRIERS,23872
19-07-13,7:47:57,22-07-13,18:00:00,ZBVM,1100,22619,DL1LP9466,SATLUJ GOODS CARRIERS,24858
19-07-13,7:47:57,22-07-13,18:00:00,ZBVM,1100,22619,DL1LP9466,SATLUJ GOODS CARRIERS,27882
19-07-13,7:47:57,22-07-13,18:00:00,ZBVM,1100,22619,DL1LP9466,SATLUJ GOODS CARRIERS,27885
19-07-13,7:47:57,22-07-13,18:00:00,ZBVM,1100,22619,DL1LP9466,SATLUJ GOODS CARRIERS,28859
19-07-13,7:47:57,22-07-13,18:00:00,ZBVM,1100,22619,DL1LP9466,SATLUJ GOODS CARRIERS,28878
19-07-13,7:47:57,22-07-13,18:00:00,ZBVM,1100,22619,DL1LP9466,SATLUJ GOODS CARRIERS,29856
19-07-13,7:47:57,22-07-13,18:00:00,ZBVM,1100,22619,DL1LP9466,SATLUJ GOODS CARRIERS,29888
19-07-13,7:47:57,22-07-13,18:00:00,ZBVM,1100,22619,DL1LP9466,SATLUJ GOODS CARRIERS,30857
19-07-13,7:47:57,22-07-13,18:00:00,ZBVM,1100,22619,DL1LP9466,SATLUJ GOODS CARRIERS,30859
19-07-13,7:47:57,22-07-13,18:00:00,ZBVM,1100,22619,DL1LP9466,SATLUJ GOODS CARRIERS,31866
19-07-13,7:47:57,22-07-13,18:00:00,ZBVM,1100,22619,DL1LP9466,SATLUJ GOODS CARRIERS,32870
19-07-13,7:47:57,22-07-13,18:00:00,ZBVM,1100,22619,DL1LP9466,SATLUJ GOODS CARRIERS,32874
19-07-13,7:47:57,22-07-13,18:00:00,ZBVM,1100,22619,DL1LP9466,SATLUJ GOODS CARRIERS,32899
19-07-13,7:22:54,22-07-13,18:00:00,ZBVM,1100,22620,DL1LP8647,SATLUJ GOODS CARRIERS,13869
19-07-13,7:22:54,22-07-13,18:00:00,ZBVM,1100,22620,DL1LP8647,SATLUJ GOODS CARRIERS,13883
19-07-13,7:22:54,22-07-13,18:00:00,ZBVM,1100,22620,DL1LP8647,SATLUJ GOODS CARRIERS,23874
19-07-13,7:22:54,22-07-13,18:00:00,ZBVM,1100,22620,DL1LP8647,SATLUJ GOODS CARRIERS,24854
19-07-13,7:22:54,22-07-13,18:00:00,ZBVM,1100,22620,DL1LP8647,SATLUJ GOODS CARRIERS,24863
19-07-13,7:22:54,22-07-13,18:00:00,ZBVM,1100,22620,DL1LP8647,SATLUJ GOODS CARRIERS,26879
19-07-13,7:22:54,22-07-13,18:00:00,ZBVM,1100,22620,DL1LP8647,SATLUJ GOODS CARRIERS,27891
19-07-13,7:22:54,22-07-13,18:00:00,ZBVM,1100,22620,DL1LP8647,SATLUJ GOODS CARRIERS,28857
19-07-13,7:22:54,22-07-13,18:00:00,ZBVM,1100,22620,DL1LP8647,SATLUJ GOODS CARRIERS,30899
19-07-13,7:22:54,22-07-13,18:00:00,ZBVM,1100,22620,DL1LP8647,SATLUJ GOODS CARRIERS,31851
19-07-13,7:22:54,22-07-13,18:00:00,ZBVM,1100,22620,DL1LP8647,SATLUJ GOODS CARRIERS,31872
19-07-13,7:22:54,22-07-13,18:00:00,ZBVM,1100,22620,DL1LP8647,SATLUJ GOODS CARRIERS,31880
19-07-13,7:22:54,22-07-13,18:00:00,ZBVM,1100,22620,DL1LP8647,SATLUJ GOODS CARRIERS,31885
19-07-13,7:22:54,22-07-13,18:00:00,ZBVM,1100,22620,DL1LP8647,SATLUJ GOODS CARRIERS,32866
19-07-13,7:22:54,22-07-13,18:00:00,ZBVM,1100,22620,DL1LP8647,SATLUJ GOODS CARRIERS,32873
19-07-13,7:22:54,22-07-13,18:00:00,ZBVM,1100,22620,DL1LP8647,SATLUJ GOODS CARRIERS,32881
19-07-13,7:22:54,22-07-13,18:00:00,ZBVM,1100,22620,DL1LP8647,SATLUJ GOODS CARRIERS,32889
19-07-13,7:22:54,22-07-13,18:00:00,ZBVM,1100,22620,DL1LP8647,SATLUJ GOODS CARRIERS,32893
19-07-13,7:22:54,22-07-13,18:00:00,ZBVM,1100,22620,DL1LP8647,SATLUJ GOODS CARRIERS,32895
19-07-13,6:36:14,22-07-13,18:00:00,ZBVM,1512,28001,DL1M4352,Vansh Enterprises,773
19-07-13,6:36:14,22-07-13,18:00:00,ZBVM,1512,28001,DL1M4352,Vansh Enterprises,781
19-07-13,6:36:14,22-07-13,18:00:00,ZBVM,1512,28001,DL1M4352,Vansh Enterprises,782
19-07-13,6:36:14,22-07-13,18:00:00,ZBVM,1512,28001,DL1M4352,Vansh Enterprises,802
19-07-13,6:36:14,22-07-13,18:00:00,ZBVM,1512,28001,DL1M4352,Vansh Enterprises,807
19-07-13,6:36:14,22-07-13,18:00:00,ZBVM,1512,28001,DL1M4352,Vansh Enterprises,809
19-07-13,6:36:14,22-07-13,18:00:00,ZBVM,1512,28001,DL1M4352,Vansh Enterprises,812
19-07-13,6:36:14,22-07-13,18:00:00,ZBVM,1512,28001,DL1M4352,Vansh Enterprises,814
19-07-13,6:36:14,22-07-13,18:00:00,ZBVM,1512,28001,DL1M4352,Vansh Enterprises,815
19-07-13,6:36:14,22-07-13,18:00:00,ZBVM,1512,28001,DL1M4352,Vansh Enterprises,817
19-07-13,6:36:14,22-07-13,18:00:00,ZBVM,1512,28001,DL1M4352,Vansh Enterprises,818
19-07-13,6:36:14,22-07-13,18:00:00,ZBVM,1512,28001,DL1M4352,Vansh Enterprises,10763
19-07-13,6:36:14,22-07-13,18:00:00,ZBVM,1512,28001,DL1M4352,Vansh Enterprises,18824
19-07-13,6:28:07,22-07-13,18:00:00,ZBVM,1512,28002,DL1M4075,Vansh Enterprises,853
19-07-13,6:28:07,22-07-13,18:00:00,ZBVM,1512,28002,DL1M4075,Vansh Enterprises,854
19-07-13,6:28:07,22-07-13,18:00:00,ZBVM,1512,28002,DL1M4075,Vansh Enterprises,856
19-07-13,6:28:07,22-07-13,18:00:00,ZBVM,1512,28002,DL1M4075,Vansh Enterprises,857
19-07-13,6:28:07,22-07-13,18:00:00,ZBVM,1512,28002,DL1M4075,Vansh Enterprises,859
19-07-13,6:28:07,22-07-13,18:00:00,ZBVM,1512,28002,DL1M4075,Vansh Enterprises,10851
19-07-13,6:28:07,22-07-13,18:00:00,ZBVM,1512,28002,DL1M4075,Vansh Enterprises,16862
19-07-13,6:28:07,22-07-13,18:00:00,ZBVM,1512,28002,DL1M4075,Vansh Enterprises,16866
19-07-13,6:28:07,22-07-13,18:00:00,ZBVM,1512,28002,DL1M4075,Vansh Enterprises,16868
19-07-13,6:28:07,22-07-13,18:00:00,ZBVM,1512,28002,DL1M4075,Vansh Enterprises,17853
19-07-13,5:40:33,22-07-13,18:00:00,ZBVM,1512,28004,DL1GC0167,Vansh Enterprises,779
19-07-13,5:40:33,22-07-13,18:00:00,ZBVM,1512,28004,DL1GC0167,Vansh Enterprises,801
19-07-13,5:40:33,22-07-13,18:00:00,ZBVM,1512,28004,DL1GC0167,Vansh Enterprises,805
19-07-13,5:40:33,22-07-13,18:00:00,ZBVM,1512,28004,DL1GC0167,Vansh Enterprises,821
19-07-13,5:40:33,22-07-13,18:00:00,ZBVM,1512,28004,DL1GC0167,Vansh Enterprises,828
19-07-13,5:40:33,22-07-13,18:00:00,ZBVM,1512,28004,DL1GC0167,Vansh Enterprises,834
19-07-13,5:40:33,22-07-13,18:00:00,ZBVM,1512,28004,DL1GC0167,Vansh Enterprises,10805
19-07-13,5:40:33,22-07-13,18:00:00,ZBVM,1512,28004,DL1GC0167,Vansh Enterprises,10806
19-07-13,5:40:33,22-07-13,18:00:00,ZBVM,1512,28004,DL1GC0167,Vansh Enterprises,18827
19-07-13,5:40:33,22-07-13,18:00:00,ZBVM,1512,28004,DL1GC0167,Vansh Enterprises,18831
19-07-13,5:40:33,22-07-13,18:00:00,ZBVM,1512,28004,DL1GC0167,Vansh Enterprises,18840
19-07-13,6:31:20,22-07-13,18:00:00,ZBVM,1512,28005,DL1M2913,Vansh Enterprises,713
19-07-13,6:31:20,22-07-13,18:00:00,ZBVM,1512,28005,DL1M2913,Vansh Enterprises,835
19-07-13,6:31:20,22-07-13,18:00:00,ZBVM,1512,28005,DL1M2913,Vansh Enterprises,836
19-07-13,6:31:20,22-07-13,18:00:00,ZBVM,1512,28005,DL1M2913,Vansh Enterprises,17803
19-07-13,6:31:20,22-07-13,18:00:00,ZBVM,1512,28005,DL1M2913,Vansh Enterprises,18841
19-07-13,6:31:20,22-07-13,18:00:00,ZBVM,1512,28005,DL1M2913,Vansh Enterprises,18842
19-07-13,6:31:20,22-07-13,18:00:00,ZBVM,1512,28005,DL1M2913,Vansh Enterprises,18843
19-07-13,6:31:20,22-07-13,18:00:00,ZBVM,1512,28005,DL1M2913,Vansh Enterprises,18844
19-07-13,6:31:20,22-07-13,18:00:00,ZBVM,1512,28005,DL1M2913,Vansh Enterprises,18845
19-07-13,6:31:20,22-07-13,18:00:00,ZBVM,1512,28005,DL1M2913,Vansh Enterprises,18846
19-07-13,6:31:20,22-07-13,18:00:00,ZBVM,1512,28005,DL1M2913,Vansh Enterprises,18847
19-07-13,6:31:20,22-07-13,18:00:00,ZBVM,1512,28005,DL1M2913,Vansh Enterprises,18848
19-07-13,6:31:20,22-07-13,18:00:00,ZBVM,1512,28005,DL1M2913,Vansh Enterprises,18849
19-07-13,6:31:20,22-07-13,18:00:00,ZBVM,1512,28005,DL1M2913,Vansh Enterprises,19812
19-07-13,6:41:39,22-07-13,18:00:00,ZBVM,1512,28006,DL1M4395,Vansh Enterprises,725
19-07-13,6:41:39,22-07-13,18:00:00,ZBVM,1512,28006,DL1M4395,Vansh Enterprises,739
19-07-13,6:41:39,22-07-13,18:00:00,ZBVM,1512,28006,DL1M4395,Vansh Enterprises,741
19-07-13,6:41:39,22-07-13,18:00:00,ZBVM,1512,28006,DL1M4395,Vansh Enterprises,772
19-07-13,6:41:39,22-07-13,18:00:00,ZBVM,1512,28006,DL1M4395,Vansh Enterprises,864
19-07-13,6:41:39,22-07-13,18:00:00,ZBVM,1512,28006,DL1M4395,Vansh Enterprises,865
19-07-13,6:41:39,22-07-13,18:00:00,ZBVM,1512,28006,DL1M4395,Vansh Enterprises,868
19-07-13,6:41:39,22-07-13,18:00:00,ZBVM,1512,28006,DL1M4395,Vansh Enterprises,18829
19-07-13,6:41:39,22-07-13,18:00:00,ZBVM,1512,28006,DL1M4395,Vansh Enterprises,18830
19-07-13,5:53:18,22-07-13,18:00:00,ZBVM,1512,28007,DL1GC0179,Vansh Enterprises,38
19-07-13,5:53:18,22-07-13,18:00:00,ZBVM,1512,28007,DL1GC0179,Vansh Enterprises,66
19-07-13,5:53:18,22-07-13,18:00:00,ZBVM,1512,28007,DL1GC0179,Vansh Enterprises,68
19-07-13,5:53:18,22-07-13,18:00:00,ZBVM,1512,28007,DL1GC0179,Vansh Enterprises,69
19-07-13,5:53:18,22-07-13,18:00:00,ZBVM,1512,28007,DL1GC0179,Vansh Enterprises,73
19-07-13,5:53:18,22-07-13,18:00:00,ZBVM,1512,28007,DL1GC0179,Vansh Enterprises,95
19-07-13,5:53:18,22-07-13,18:00:00,ZBVM,1512,28007,DL1GC0179,Vansh Enterprises,1009
19-07-13,5:53:18,22-07-13,18:00:00,ZBVM,1512,28007,DL1GC0179,Vansh Enterprises,1012
19-07-13,5:53:18,22-07-13,18:00:00,ZBVM,1512,28007,DL1GC0179,Vansh Enterprises,1013
19-07-13,5:53:18,22-07-13,18:00:00,ZBVM,1512,28007,DL1GC0179,Vansh Enterprises,17007
19-07-13,6:26:09,22-07-13,18:00:00,ZBVM,1512,28008,DL1GC0187,Vansh Enterprises,37
19-07-13,6:26:09,22-07-13,18:00:00,ZBVM,1512,28008,DL1GC0187,Vansh Enterprises,42
19-07-13,6:26:09,22-07-13,18:00:00,ZBVM,1512,28008,DL1GC0187,Vansh Enterprises,43
19-07-13,6:26:09,22-07-13,18:00:00,ZBVM,1512,28008,DL1GC0187,Vansh Enterprises,63
19-07-13,6:26:09,22-07-13,18:00:00,ZBVM,1512,28008,DL1GC0187,Vansh Enterprises,75
19-07-13,6:26:09,22-07-13,18:00:00,ZBVM,1512,28008,DL1GC0187,Vansh Enterprises,80
19-07-13,6:26:09,22-07-13,18:00:00,ZBVM,1512,28008,DL1GC0187,Vansh Enterprises,81
19-07-13,6:26:09,22-07-13,18:00:00,ZBVM,1512,28008,DL1GC0187,Vansh Enterprises,89
19-07-13,6:26:09,22-07-13,18:00:00,ZBVM,1512,28008,DL1GC0187,Vansh Enterprises,17018
19-07-13,6:26:09,22-07-13,18:00:00,ZBVM,1512,28008,DL1GC0187,Vansh Enterprises,19002
19-07-13,5:12:23,22-07-13,18:00:00,ZBVM,1512,28011,DL1M6328,Durga Tpt Co,701
19-07-13,5:12:23,22-07-13,18:00:00,ZBVM,1512,28011,DL1M6328,Durga Tpt Co,757
19-07-13,5:12:23,22-07-13,18:00:00,ZBVM,1512,28011,DL1M6328,Durga Tpt Co,769
19-07-13,5:12:23,22-07-13,18:00:00,ZBVM,1512,28011,DL1M6328,Durga Tpt Co,862
19-07-13,5:12:23,22-07-13,18:00:00,ZBVM,1512,28011,DL1M6328,Durga Tpt Co,866
19-07-13,5:12:23,22-07-13,18:00:00,ZBVM,1512,28011,DL1M6328,Durga Tpt Co,10704
19-07-13,5:12:23,22-07-13,18:00:00,ZBVM,1512,28011,DL1M6328,Durga Tpt Co,13887
19-07-13,5:12:23,22-07-13,18:00:00,ZBVM,1512,28011,DL1M6328,Durga Tpt Co,13897
19-07-13,5:12:23,22-07-13,18:00:00,ZBVM,1512,28011,DL1M6328,Durga Tpt Co,16863
19-07-13,5:12:23,22-07-13,18:00:00,ZBVM,1512,28011,DL1M6328,Durga Tpt Co,18794
19-07-13,5:44:06,22-07-13,18:00:00,ZBVM,1512,28017,DL1M7092,Vinayak Tanker Service,98
19-07-13,5:44:06,22-07-13,18:00:00,ZBVM,1512,28017,DL1M7092,Vinayak Tanker Service,952
19-07-13,5:44:06,22-07-13,18:00:00,ZBVM,1512,28017,DL1M7092,Vinayak Tanker Service,953
19-07-13,5:44:06,22-07-13,18:00:00,ZBVM,1512,28017,DL1M7092,Vinayak Tanker Service,954
19-07-13,5:44:06,22-07-13,18:00:00,ZBVM,1512,28017,DL1M7092,Vinayak Tanker Service,955
19-07-13,5:44:06,22-07-13,18:00:00,ZBVM,1512,28017,DL1M7092,Vinayak Tanker Service,959
19-07-13,5:44:06,22-07-13,18:00:00,ZBVM,1512,28017,DL1M7092,Vinayak Tanker Service,960
19-07-13,5:44:06,22-07-13,18:00:00,ZBVM,1512,28017,DL1M7092,Vinayak Tanker Service,961
19-07-13,5:44:06,22-07-13,18:00:00,ZBVM,1512,28017,DL1M7092,Vinayak Tanker Service,962
19-07-13,5:44:06,22-07-13,18:00:00,ZBVM,1512,28017,DL1M7092,Vinayak Tanker Service,964
19-07-13,5:44:06,22-07-13,18:00:00,ZBVM,1512,28017,DL1M7092,Vinayak Tanker Service,965
19-07-13,5:44:06,22-07-13,18:00:00,ZBVM,1512,28017,DL1M7092,Vinayak Tanker Service,972
19-07-13,5:44:06,22-07-13,18:00:00,ZBVM,1512,28017,DL1M7092,Vinayak Tanker Service,16956
19-07-13,6:47:03,22-07-13,18:00:00,ZBVM,1512,29001,DL1LR5067,MANOJ KUMAR,13872
19-07-13,6:47:03,22-07-13,18:00:00,ZBVM,1512,29001,DL1LR5067,MANOJ KUMAR,13875
19-07-13,6:47:03,22-07-13,18:00:00,ZBVM,1512,29001,DL1LR5067,MANOJ KUMAR,13877
19-07-13,6:47:03,22-07-13,18:00:00,ZBVM,1512,29001,DL1LR5067,MANOJ KUMAR,13881
19-07-13,6:47:03,22-07-13,18:00:00,ZBVM,1512,29001,DL1LR5067,MANOJ KUMAR,13885
19-07-13,6:47:03,22-07-13,18:00:00,ZBVM,1512,29001,DL1LR5067,MANOJ KUMAR,16865
19-07-13,6:47:03,22-07-13,18:00:00,ZBVM,1512,29001,DL1LR5067,MANOJ KUMAR,23857
19-07-13,6:47:03,22-07-13,18:00:00,ZBVM,1512,29001,DL1LR5067,MANOJ KUMAR,25893
19-07-13,6:47:03,22-07-13,18:00:00,ZBVM,1512,29001,DL1LR5067,MANOJ KUMAR,27833
19-07-13,6:47:03,22-07-13,18:00:00,ZBVM,1512,29001,DL1LR5067,MANOJ KUMAR,28851
19-07-13,6:47:03,22-07-13,18:00:00,ZBVM,1512,29001,DL1LR5067,MANOJ KUMAR,28854
19-07-13,6:47:03,22-07-13,18:00:00,ZBVM,1512,29001,DL1LR5067,MANOJ KUMAR,30855
19-07-13,6:47:03,22-07-13,18:00:00,ZBVM,1512,29001,DL1LR5067,MANOJ KUMAR,30871
19-07-13,6:47:03,22-07-13,18:00:00,ZBVM,1512,29001,DL1LR5067,MANOJ KUMAR,30883
19-07-13,6:47:03,22-07-13,18:00:00,ZBVM,1512,29001,DL1LR5067,MANOJ KUMAR,30893
19-07-13,6:47:03,22-07-13,18:00:00,ZBVM,1512,29001,DL1LR5067,MANOJ KUMAR,31887
19-07-13,6:47:03,22-07-13,18:00:00,ZBVM,1512,29001,DL1LR5067,MANOJ KUMAR,31899
19-07-13,6:47:03,22-07-13,18:00:00,ZBVM,1512,29001,DL1LR5067,MANOJ KUMAR,32864
19-07-13,6:47:03,22-07-13,18:00:00,ZBVM,1512,29001,DL1LR5067,MANOJ KUMAR,32888
19-07-13,6:43:34,22-07-13,18:00:00,ZBVM,1512,29002,DL1LP6172,MANOJ KUMAR,13841
19-07-13,6:43:34,22-07-13,18:00:00,ZBVM,1512,29002,DL1LP6172,MANOJ KUMAR,13884
19-07-13,6:43:34,22-07-13,18:00:00,ZBVM,1512,29002,DL1LP6172,MANOJ KUMAR,13894
19-07-13,6:43:34,22-07-13,18:00:00,ZBVM,1512,29002,DL1LP6172,MANOJ KUMAR,16845
19-07-13,6:43:34,22-07-13,18:00:00,ZBVM,1512,29002,DL1LP6172,MANOJ KUMAR,16860
19-07-13,6:43:34,22-07-13,18:00:00,ZBVM,1512,29002,DL1LP6172,MANOJ KUMAR,24851
19-07-13,6:43:34,22-07-13,18:00:00,ZBVM,1512,29002,DL1LP6172,MANOJ KUMAR,24856
19-07-13,6:43:34,22-07-13,18:00:00,ZBVM,1512,29002,DL1LP6172,MANOJ KUMAR,25867
19-07-13,6:43:34,22-07-13,18:00:00,ZBVM,1512,29002,DL1LP6172,MANOJ KUMAR,26865
19-07-13,6:43:34,22-07-13,18:00:00,ZBVM,1512,29002,DL1LP6172,MANOJ KUMAR,26883
19-07-13,6:43:34,22-07-13,18:00:00,ZBVM,1512,29002,DL1LP6172,MANOJ KUMAR,27878
19-07-13,6:43:34,22-07-13,18:00:00,ZBVM,1512,29002,DL1LP6172,MANOJ KUMAR,29876
19-07-13,6:43:34,22-07-13,18:00:00,ZBVM,1512,29002,DL1LP6172,MANOJ KUMAR,29879
19-07-13,6:43:34,22-07-13,18:00:00,ZBVM,1512,29002,DL1LP6172,MANOJ KUMAR,30875
19-07-13,6:43:34,22-07-13,18:00:00,ZBVM,1512,29002,DL1LP6172,MANOJ KUMAR,30885
19-07-13,6:43:34,22-07-13,18:00:00,ZBVM,1512,29002,DL1LP6172,MANOJ KUMAR,30895
19-07-13,6:43:34,22-07-13,18:00:00,ZBVM,1512,29002,DL1LP6172,MANOJ KUMAR,31881
19-07-13,6:43:34,22-07-13,18:00:00,ZBVM,1512,29002,DL1LP6172,MANOJ KUMAR,32857