ReportShift,Point,ScheduleTime
ZBVE,13648,23:00
ZBVE,16693,23:00
ZBVE,16697,23:00
ZBVE,24612,23:00
ZBVE,25620,23:00
ZBVE,26621,23:00
ZBVE,27665,23:00
ZBVE,27690,23:00
ZBVE,28690,23:00
ZBVE,29618,23:00
ZBVE,30524,23:00
ZBVE,30526,23:00
ZBVE,1512,23:00
ZBVE,13505,23:00
ZBVE,23534,23:00
ZBVE,23565,23:00
ZBVE,24508,23:00
ZBVE,24549,23:00
ZBVE,26543,23:00
ZBVE,26594,23:00
ZBVE,27516,23:00
ZBVE,28513,23:00
ZBVE,28533,23:00
ZBVE,29504,23:00
ZBVE,30513,23:00
ZBVE,30515,23:00
ZBVE,30522,23:00
ZBVE,8,23:00
ZBVE,17002,23:00
ZBVE,17030,23:00
ZBVE,17035,23:00
ZBVE,23018,23:00
ZBVE,23042,23:00
ZBVE,24009,23:00
ZBVE,26088,23:00
ZBVE,27062,23:00
ZBVE,27089,23:00
ZBVE,27092,23:00
ZBVE,27096,23:00
ZBVE,23,23:00
ZBVE,16079,23:00
ZBVE,17020,23:00
ZBVE,23027,23:00
ZBVE,24020,23:00
ZBVE,24038,23:00
ZBVE,26008,23:00
ZBVE,26012,23:00
ZBVE,26033,23:00
ZBVE,26087,23:00
ZBVE,27005,23:00
ZBVE,27034,23:00
ZBVE,27057,23:00
ZBVE,27093,23:00
ZBVE,28010,23:00
ZBVE,28022,23:00
ZBVE,584,23:00
ZBVE,16589,23:00
ZBVE,16592,23:00
ZBVE,17510,23:00
ZBVE,23519,23:00
ZBVE,23539,23:00
ZBVE,23572,23:00
ZBVE,25516,23:00
ZBVE,25587,23:00
ZBVE,26546,23:00
ZBVE,26564,23:00
ZBVE,27520,23:00
ZBVE,28579,23:00
ZBVE,29508,23:00
ZBVE,29596,23:00
ZBVE,508,23:00
ZBVE,559,23:00
ZBVE,16567,23:00
ZBVE,16581,23:00
ZBVE,23524,23:00
ZBVE,26519,23:00
ZBVE,27546,23:00
ZBVE,28532,23:00
ZBVE,29544,23:00
ZBVE,29562,23:00
ZBVE,1514,23:00
ZBVE,13504,23:00
ZBVE,16524,23:00
ZBVE,16575,23:00
ZBVE,23511,23:00
ZBVE,23517,23:00
ZBVE,23526,23:00
ZBVE,24564,23:00
ZBVE,24565,23:00
ZBVE,25553,23:00
ZBVE,26554,23:00
ZBVE,27573,23:00
ZBVE,28509,23:00
ZBVE,29527,23:00
ZBVE,29528,23:00
ZBVE,29564,23:00
ZBVE,29592,23:00
ZBVE,30502,23:00
ZBVE,13602,23:00
ZBVE,13659,23:00
ZBVE,13674,23:00
ZBVE,16627,23:00
ZBVE,16638,23:00
ZBVE,16672,23:00
ZBVE,23617,23:00
ZBVE,23620,23:00
ZBVE,23654,23:00
ZBVE,24648,23:00
ZBVE,27653,23:00
ZBVE,28651,23:00
ZBVE,28658,23:00
ZBVE,13619,23:00
ZBVE,13626,23:00
ZBVE,13645,23:00
ZBVE,13646,23:00
ZBVE,13656,23:00
ZBVE,16139,23:00
ZBVE,17604,23:00
ZBVE,25606,23:00
ZBVE,27620,23:00
ZBVE,27649,23:00
ZBVE,28660,23:00
ZBVE,28675,23:00
ZBVE,28696,23:00
ZBVE,29612,23:00
ZBVE,142,23:00
ZBVE,634,23:00
ZBVE,13644,23:00
ZBVE,16114,23:00
ZBVE,23116,23:00
ZBVE,23123,23:00
ZBVE,26124,23:00
ZBVE,26128,23:00
ZBVE,26138,23:00
ZBVE,26141,23:00
ZBVE,26144,23:00
ZBVE,27634,23:00
ZBVE,27648,23:00
ZBVE,418,23:00
ZBVE,10618,23:00
ZBVE,17603,23:00
ZBVE,17608,23:00
ZBVE,24603,23:00
ZBVE,28601,23:00
ZBVE,28644,23:00
ZBVE,28647,23:00
ZBVE,28694,23:00
ZBVE,29602,23:00
ZBVE,16092,23:00
ZBVE,16098,23:00
ZBVE,17015,23:00
ZBVE,17027,23:00
ZBVE,17033,23:00
ZBVE,17036,23:00
ZBVE,23031,23:00
ZBVE,23075,23:00
ZBVE,23081,23:00
ZBVE,24093,23:00
ZBVE,26039,23:00
ZBVE,26061,23:00
ZBVE,27011,23:00
ZBVE,27012,23:00
ZBVE,27015,23:00
ZBVE,13043,23:00
ZBVE,13046,23:00
ZBVE,16003,23:00
ZBVE,16007,23:00
ZBVE,16036,23:00
ZBVE,16051,23:00
ZBVE,17013,23:00
ZBVE,17039,23:00
ZBVE,17041,23:00
ZBVE,23012,23:00
ZBVE,27017,23:00
ZBVE,27018,23:00
ZBVE,27065,23:00
ZBVE,27066,23:00
ZBVE,28023,23:00
ZBVE,406,23:00
ZBVE,23520,23:00
ZBVE,23531,23:00
ZBVE,23552,23:00
ZBVE,23556,23:00
ZBVE,23563,23:00
ZBVE,27565,23:00
ZBVE,28508,23:00
ZBVE,28565,23:00
ZBVE,28570,23:00
ZBVE,29502,23:00
ZBVE,29556,23:00
ZBVE,29572,23:00
ZBVE,30514,23:00
ZBVE,30519,23:00
ZBVE,30520,23:00
ZBVE,19302,23:00
ZBVE,23303,23:00
ZBVE,23568,23:00
ZBVE,26304,23:00
ZBVE,26313,23:00
ZBVE,28512,23:00
ZBVE,28524,23:00
ZBVE,28574,23:00
ZBVE,29517,23:00
ZBVE,29589,23:00
ZBVE,29590,23:00
ZBVE,30503,23:00
ZBVE,13603,23:00
ZBVE,16116,23:00
ZBVE,16118,23:00
ZBVE,16136,23:00
ZBVE,23107,23:00
ZBVE,23138,23:00
ZBVE,23307,23:00
ZBVE,26121,23:00
ZBVE,26122,23:00
ZBVE,26126,23:00
ZBVE,26127,23:00
ZBVE,26149,23:00
ZBVE,28688,23:00
ZBVE,29601,23:00
ZBVE,13628,23:00
ZBVE,13649,23:00
ZBVE,13658,23:00
ZBVE,13660,23:00
ZBVE,13676,23:00
ZBVE,16636,23:00
ZBVE,16649,23:00
ZBVE,17602,23:00
ZBVE,24669,23:00
ZBVE,25635,23:00
ZBVE,28662,23:00
ZBVE,28699,23:00
ZBVE,29603,23:00
ZBVE,29605,23:00
ZBVE,29619,23:00
ZBVE,13616,23:00
ZBVE,13627,23:00
ZBVE,13653,23:00
ZBVE,13666,23:00
ZBVE,13668,23:00
ZBVE,16601,23:00
ZBVE,16602,23:00
ZBVE,16671,23:00
ZBVE,24642,23:00
ZBVE,26659,23:00
ZBVE,27627,23:00
ZBVE,27636,23:00
ZBVE,28622,23:00
ZBVE,28631,23:00
ZBVE,28692,23:00
ZBVE,13728,23:00
ZBVE,13734,23:00
ZBVE,13750,23:00
ZBVE,16727,23:00
ZBVE,16786,23:00
ZBVE,17709,23:00
ZBVE,23720,23:00
ZBVE,23775,23:00
ZBVE,23790,23:00
ZBVE,26763,23:00
ZBVE,28741,23:00
ZBVE,28789,23:00
ZBVE,29757,23:00
ZBVE,315,23:00
ZBVE,13624,23:00
ZBVE,16681,23:00
ZBVE,16685,23:00
ZBVE,17607,23:00
ZBVE,23637,23:00
ZBVE,24688,23:00
ZBVE,26590,23:00
ZBVE,26677,23:00
ZBVE,27557,23:00
ZBVE,27601,23:00
ZBVE,27609,23:00
ZBVE,27639,23:00
ZBVE,27670,23:00
ZBVE,27695,23:00
ZBVE,28634,23:00
ZBVE,29519,23:00
ZBVE,29551,23:00
ZBVE,30527,23:00
ZBVE,13715,23:00
ZBVE,13738,23:00
ZBVE,13754,23:00
ZBVE,16725,23:00
ZBVE,23755,23:00
ZBVE,24712,23:00
ZBVE,24732,23:00
ZBVE,26764,23:00
ZBVE,27712,23:00
ZBVE,27798,23:00
ZBVE,28721,23:00
ZBVE,28748,23:00
ZBVE,29765,23:00
ZBVE,30715,23:00
ZBVE,13729,23:00
ZBVE,13736,23:00
ZBVE,16787,23:00
ZBVE,17708,23:00
ZBVE,23768,23:00
ZBVE,24779,23:00
ZBVE,27788,23:00
ZBVE,28723,23:00
ZBVE,28766,23:00
ZBVE,28769,23:00
ZBVE,28795,23:00
ZBVE,29741,23:00
ZBVE,29745,23:00
ZBVE,30710,23:00
ZBVE,13631,23:00
ZBVE,16644,23:00
ZBVE,16676,23:00
ZBVE,23611,23:00
ZBVE,23632,23:00
ZBVE,27617,23:00
ZBVE,27641,23:00
ZBVE,27646,23:00
ZBVE,27686,23:00
ZBVE,27687,23:00
ZBVE,27694,23:00
ZBVE,28522,23:00
ZBVE,28621,23:00
ZBVE,28654,23:00
ZBVE,29554,23:00
ZBVE,29583,23:00
ZBVE,13023,23:00
ZBVE,13027,23:00
ZBVE,13028,23:00
ZBVE,13052,23:00
ZBVE,13056,23:00
ZBVE,13058,23:00
ZBVE,16006,23:00
ZBVE,16059,23:00
ZBVE,17032,23:00
ZBVE,23039,23:00
ZBVE,23067,23:00
ZBVE,24010,23:00
ZBVE,24077,23:00
ZBVE,28002,23:00
ZBVE,28017,23:00
ZBVE,17704,23:00
ZBVE,17706,23:00
ZBVE,17712,23:00
ZBVE,17713,23:00
ZBVE,26718,23:00
ZBVE,26784,23:00
ZBVE,28711,23:00
ZBVE,28738,23:00
ZBVE,29784,23:00
ZBVE,13726,23:00
ZBVE,13748,23:00
ZBVE,16783,23:00
ZBVE,23703,23:00
ZBVE,24796,23:00
ZBVE,26730,23:00
ZBVE,26745,23:00
ZBVE,26779,23:00
ZBVE,26791,23:00
ZBVE,27748,23:00
ZBVE,29737,23:00
ZBVE,29740,23:00
ZBVE,29761,23:00
ZBVE,29791,23:00
ZBVE,30704,23:00
ZBVE,30714,23:00
ZBVE,30733,23:00
ZBVE,30735,23:00
ZBVE,13620,23:00
ZBVE,13630,23:00
ZBVE,16604,23:00
ZBVE,23643,23:00
ZBVE,23660,23:00
ZBVE,23698,23:00
ZBVE,24523,23:00
ZBVE,24651,23:00
ZBVE,25601,23:00
ZBVE,25616,23:00
ZBVE,27685,23:00
ZBVE,27697,23:00
ZBVE,28569,23:00
ZBVE,29566,23:00
ZBVE,30525,23:00
ZBVE,710,23:00
ZBVE,16744,23:00
ZBVE,24776,23:00
ZBVE,28709,23:00
ZBVE,28737,23:00
ZBVE,28787,23:00
ZBVE,29743,23:00
ZBVE,29752,23:00
ZBVE,29760,23:00
ZBVE,30716,23:00
ZBVE,723,23:00
ZBVE,13054,23:00
ZBVE,23044,23:00
ZBVE,23056,23:00
ZBVE,23952,23:00
ZBVE,26073,23:00
ZBVE,26076,23:00
ZBVE,26092,23:00
ZBVE,27013,23:00
ZBVE,27014,23:00
ZBVE,27024,23:00
ZBVE,27085,23:00
ZBVE,27088,23:00
ZBVE,28011,23:00
ZBVE,534,23:00
ZBVE,16549,23:00
ZBVE,16563,23:00
ZBVE,16594,23:00
ZBVE,17503,23:00
ZBVE,17505,23:00
ZBVE,17511,23:00
ZBVE,23502,23:00
ZBVE,23518,23:00
ZBVE,26514,23:00
ZBVE,26515,23:00
ZBVE,26566,23:00
ZBVE,27513,23:00
ZBVE,27593,23:00
ZBVE,16986,23:00
ZBVE,17954,23:00
ZBVE,17957,23:00
ZBVE,23979,23:00
ZBVE,23994,23:00
ZBVE,26975,23:00
ZBVE,26997,23:00
ZBVE,27955,23:00
ZBVE,27966,23:00
ZBVE,27981,23:00
ZBVE,27989,23:00
ZBVE,27990,23:00
ZBVE,28956,23:00
ZBVE,28957,23:00
ZBVE,28959,23:00
ZBVE,28990,23:00
ZBVE,28994,23:00
ZBVE,10770,23:00
ZBVE,16705,23:00
ZBVE,16717,23:00
ZBVE,16758,23:00
ZBVE,27728,23:00
ZBVE,27752,23:00
ZBVE,28712,23:00
ZBVE,13612,23:00
ZBVE,13636,23:00
ZBVE,13670,23:00
ZBVE,13673,23:00
ZBVE,16654,23:00
ZBVE,23663,23:00
ZBVE,26607,23:00
ZBVE,26617,23:00
ZBVE,26653,23:00
ZBVE,26662,23:00
ZBVE,27629,23:00
ZBVE,27640,23:00
ZBVE,28676,23:00
ZBVE,28697,23:00
ZBVE,13717,23:00
ZBVE,16770,23:00
ZBVE,17710,23:00
ZBVE,23709,23:00
ZBVE,23744,23:00
ZBVE,23763,23:00
ZBVE,23770,23:00
ZBVE,26740,23:00
ZBVE,28732,23:00
ZBVE,28798,23:00
ZBVE,29731,23:00
ZBVE,29754,23:00
ZBVE,29768,23:00
ZBVE,29779,23:00
ZBVE,30709,23:00
ZBVE,30724,23:00
ZBVE,30737,23:00
ZBVE,715,23:00
ZBVE,13732,23:00
ZBVE,17707,23:00
ZBVE,23742,23:00
ZBVE,23796,23:00
ZBVE,28762,23:00
ZBVE,29780,23:00
ZBVE,29781,23:00
ZBVE,29782,23:00
ZBVE,29793,23:00
ZBVE,30703,23:00
ZBVE,16763,23:00
ZBVE,16790,23:00
ZBVE,16793,23:00
ZBVE,23759,23:00
ZBVE,24715,23:00
ZBVE,26721,23:00
ZBVE,26725,23:00
ZBVE,26752,23:00
ZBVE,28720,23:00
ZBVE,28751,23:00
ZBVE,28776,23:00
ZBVE,29713,23:00
ZBVE,29725,23:00
ZBVE,29776,23:00
ZBVE,29790,23:00
ZBVE,30717,23:00
ZBVE,30718,23:00
ZBVE,23521,23:00
ZBVE,24535,23:00
ZBVE,25563,23:00
ZBVE,25572,23:00
ZBVE,25573,23:00
ZBVE,26563,23:00
ZBVE,27572,23:00
ZBVE,28511,23:00
ZBVE,28515,23:00
ZBVE,28517,23:00
ZBVE,28531,23:00
ZBVE,28545,23:00
ZBVE,28554,23:00
ZBVE,28555,23:00
ZBVE,28562,23:00
ZBVE,28598,23:00
ZBVE,29523,23:00
ZBVE,29561,23:00
ZBVE,29568,23:00
ZBVE,29585,23:00
ZBVE,29593,23:00
ZBVE,29595,23:00
ZBVE,13752,23:00
ZBVE,23716,23:00
ZBVE,23799,23:00
ZBVE,24735,23:00
ZBVE,24747,23:00
ZBVE,26716,23:00
ZBVE,26736,23:00
ZBVE,27707,23:00
ZBVE,27753,23:00
ZBVE,27783,23:00
ZBVE,27786,23:00
ZBVE,28727,23:00
ZBVE,29758,23:00
ZBVE,29762,23:00
ZBVE,29771,23:00
ZBVE,29775,23:00
ZBVE,30711,23:00
ZBVE,30729,23:00
ZBVE,13727,23:00
ZBVE,16715,23:00
ZBVE,19702,23:00
ZBVE,23773,23:00
ZBVE,26770,23:00
ZBVE,27760,23:00
ZBVE,28717,23:00
ZBVE,28763,23:00
ZBVE,29711,23:00
ZBVE,29797,23:00
ZBVE,30713,23:00
ZBVE,17965,23:00
ZBVE,23960,23:00
ZBVE,23965,23:00
ZBVE,23972,23:00
ZBVE,23985,23:00
ZBVE,26993,23:00
ZBVE,26998,23:00
ZBVE,27968,23:00
ZBVE,27969,23:00
ZBVE,27994,23:00
ZBVE,27998,23:00
ZBVE,28955,23:00
ZBVE,28965,23:00
ZBVE,28976,23:00
ZBVE,28977,23:00
ZBVE,28980,23:00
ZBVE,13005,23:00
ZBVE,13034,23:00
ZBVE,13045,23:00
ZBVE,16011,23:00
ZBVE,16053,23:00
ZBVE,16081,23:00
ZBVE,16085,23:00
ZBVE,16087,23:00
ZBVE,17005,23:00
ZBVE,17043,23:00
ZBVE,23981,23:00
ZBVE,24058,23:00
ZBVE,26007,23:00
ZBVE,27036,23:00
ZBVE,27048,23:00
ZBVE,27063,23:00
ZBVE,27087,23:00
ZBVE,13716,23:00
ZBVE,16703,23:00
ZBVE,16714,23:00
ZBVE,16740,23:00
ZBVE,23713,23:00
ZBVE,23721,23:00
ZBVE,23724,23:00
ZBVE,26702,23:00
ZBVE,26785,23:00
ZBVE,27757,23:00
ZBVE,28734,23:00
ZBVE,29726,23:00
ZBVE,29744,23:00
ZBVE,29756,23:00
ZBVE,30731,23:00
ZBVE,13014,23:00
ZBVE,13032,23:00
ZBVE,17021,23:00
ZBVE,17031,23:00
ZBVE,17037,23:00
ZBVE,23004,23:00
ZBVE,23066,23:00
ZBVE,23088,23:00
ZBVE,24003,23:00
ZBVE,26027,23:00
ZBVE,26050,23:00
ZBVE,26093,23:00
ZBVE,28016,23:00
ZBVE,28018,23:00
ZBVE,28021,23:00
ZBVE,28025,23:00
ZBVE,13710,23:00
ZBVE,23711,23:00
ZBVE,23725,23:00
ZBVE,23746,23:00
ZBVE,24762,23:00
ZBVE,24777,23:00
ZBVE,27713,23:00
ZBVE,27718,23:00
ZBVE,27725,23:00
ZBVE,27730,23:00
ZBVE,27793,23:00
ZBVE,28758,23:00
ZBVE,28772,23:00
ZBVE,29770,23:00
ZBVE,30726,23:00
ZBVE,30730,23:00
ZBVE,30739,23:00
ZBVE,597,23:00
ZBVE,13503,23:00
ZBVE,17504,23:00
ZBVE,23575,23:00
ZBVE,23594,23:00
ZBVE,25574,23:00
ZBVE,26562,23:00
ZBVE,28582,23:00
ZBVE,28584,23:00
ZBVE,29526,23:00
ZBVE,29531,23:00
ZBVE,29542,23:00
ZBVE,29545,23:00
ZBVE,29557,23:00
ZBVE,29573,23:00
ZBVE,29584,23:00
ZBVE,13952,23:00
ZBVE,13962,23:00
ZBVE,13963,23:00
ZBVE,13970,23:00
ZBVE,17955,23:00
ZBVE,23988,23:00
ZBVE,26968,23:00
ZBVE,26973,23:00
ZBVE,26987,23:00
ZBVE,27980,23:00
ZBVE,28966,23:00
ZBVE,28970,23:00
ZBVE,28979,23:00
ZBVE,28992,23:00
ZBVE,28993,23:00
ZBVE,13051,23:00
ZBVE,13966,23:00
ZBVE,16083,23:00
ZBVE,26959,23:00
ZBVE,27971,23:00
ZBVE,27974,23:00
ZBVE,27979,23:00
ZBVE,27984,23:00
ZBVE,27996,23:00
ZBVE,28958,23:00
ZBVE,28968,23:00
ZBVE,28969,23:00
ZBVE,28984,23:00
ZBVE,28989,23:00
ZBVE,761,23:00
ZBVE,24736,23:00
ZBVE,24761,23:00
ZBVE,27726,23:00
ZBVE,27761,23:00
ZBVE,27768,23:00
ZBVE,29778,23:00
ZBVE,29795,23:00
ZBVE,30725,23:00
ZBVE,13003,23:00
ZBVE,13044,23:00
ZBVE,16005,23:00
ZBVE,16019,23:00
ZBVE,16050,23:00
ZBVE,16089,23:00
ZBVE,17004,23:00
ZBVE,23014,23:00
ZBVE,23032,23:00
ZBVE,23037,23:00
ZBVE,23055,23:00
ZBVE,23062,23:00
ZBVE,23090,23:00
ZBVE,23092,23:00
ZBVE,24074,23:00
ZBVE,26005,23:00
ZBVE,26028,23:00
ZBVE,28013,23:00
ZBVE,28019,23:00
ZBVE,28020,23:00
ZBVE,13731,23:00
ZBVE,16732,23:00
ZBVE,16746,23:00
ZBVE,23786,23:00
ZBVE,23788,23:00
ZBVE,24763,23:00
ZBVE,27702,23:00
ZBVE,27754,23:00
ZBVE,28767,23:00
ZBVE,29702,23:00
ZBVE,29703,23:00
ZBVE,29738,23:00
ZBVE,29747,23:00
ZBVE,29767,23:00
ZBVE,29773,23:00
ZBVE,29774,23:00
ZBVE,30702,23:00
ZBVE,30708,23:00
ZBVE,16590,23:00
ZBVE,23551,23:00
ZBVE,24502,23:00
ZBVE,24571,23:00
ZBVE,24574,23:00
ZBVE,25557,23:00
ZBVE,26520,23:00
ZBVE,26584,23:00
ZBVE,26588,23:00
ZBVE,26596,23:00
ZBVE,27560,23:00
ZBVE,28529,23:00
ZBVE,29515,23:00
ZBVE,29543,23:00
ZBVE,29587,23:00
ZBVE,30512,23:00
ZBVE,30521,23:00
ZBVE,16579,23:00
ZBVE,16593,23:00
ZBVE,16595,23:00
ZBVE,17506,23:00
ZBVE,24519,23:00
ZBVE,24555,23:00
ZBVE,26556,23:00
ZBVE,26583,23:00
ZBVE,27514,23:00
ZBVE,27537,23:00
ZBVE,27538,23:00
ZBVE,27544,23:00
ZBVE,27563,23:00
ZBVE,30501,23:00
ZBVE,40,23:00
ZBVE,13017,23:00
ZBVE,16001,23:00
ZBVE,17014,23:00
ZBVE,17040,23:00
ZBVE,23038,23:00
ZBVE,24004,23:00
ZBVE,27046,23:00
ZBVE,28004,23:00
ZBVE,13739,23:00
ZBVE,16704,23:00
ZBVE,16713,23:00
ZBVE,23706,23:00
ZBVE,23727,23:00
ZBVE,23741,23:00
ZBVE,24706,23:00
ZBVE,24716,23:00
ZBVE,26735,23:00
ZBVE,27716,23:00
ZBVE,27764,23:00
ZBVE,27771,23:00
ZBVE,28747,23:00
ZBVE,28756,23:00
ZBVE,28765,23:00
ZBVE,29717,23:00
ZBVE,30701,23:00
ZBVE,558,23:00
ZBVE,13652,23:00
ZBVE,13667,23:00
ZBVE,16615,23:00
ZBVE,16686,23:00
ZBVE,24666,23:00
ZBVE,26604,23:00
ZBVE,26624,23:00
ZBVE,26689,23:00
ZBVE,27668,23:00
ZBVE,28693,23:00
ZBVE,28698,23:00
ZBVE,29604,23:00
ZBVE,29615,23:00
ZBVE,624,23:00
ZBVE,644,23:00
ZBVE,687,23:00
ZBVE,690,23:00
ZBVE,691,23:00
ZBVE,699,23:00
ZBVE,1602,23:00
ZBVE,13610,23:00
ZBVE,16678,23:00
ZBVE,204,23:00
ZBVE,220,23:00
ZBVE,609,23:00
ZBVE,610,23:00
ZBVE,622,23:00
ZBVE,684,23:00
ZBVE,694,23:00
ZBVE,696,23:00
ZBVE,127,23:00
ZBVE,211,23:00
ZBVE,214,23:00
ZBVE,910,23:00
ZBVE,911,23:00
ZBVE,914,23:00
ZBVE,925,23:00
ZBVE,926,23:00
ZBVE,927,23:00
ZBVE,928,23:00
ZBVE,933,23:00
ZBVE,238,23:00
ZBVE,626,23:00
ZBVE,627,23:00
ZBVE,664,23:00
ZBVE,675,23:00
ZBVE,677,23:00
ZBVE,695,23:00
ZBVE,1611,23:00
ZBVE,19605,23:00
ZBVE,421,23:00
ZBVE,549,23:00
ZBVE,630,23:00
ZBVE,637,23:00
ZBVE,643,23:00
ZBVE,673,23:00
ZBVE,674,23:00
ZBVE,18591,23:00
ZBVE,33,23:00
ZBVE,85,23:00
ZBVE,91,23:00
ZBVE,752,23:00
ZBVE,909,23:00
ZBVE,912,23:00
ZBVE,913,23:00
ZBVE,916,23:00
ZBVE,917,23:00
ZBVE,918,23:00
ZBVE,929,23:00
ZBVE,16901,23:00
ZBVE,360,23:00
ZBVE,526,23:00
ZBVE,540,23:00
ZBVE,542,23:00
ZBVE,780,23:00
ZBVE,797,23:00
ZBVE,1703,23:00
ZBVE,16720,23:00
ZBVE,10627,23:00
ZBVE,862,23:00
ZBVE,866,23:00
ZBVE,869,23:00
ZBVE,870,23:00
ZBVE,872,23:00
ZBVE,875,23:00
ZBVE,877,23:00
ZBVE,879,23:00
ZBVE,880,23:00
ZBVE,804,23:00
ZBVE,806,23:00
ZBVE,810,23:00
ZBVE,813,23:00
ZBVE,819,23:00
ZBVE,822,23:00
ZBVE,823,23:00
ZBVE,838,23:00
ZBVE,18825,23:00
ZBVE,18826,23:00
ZBVE,18833,23:00
ZBVE,18837,23:00
ZBVE,18839,23:00
ZBVE,773,23:00
ZBVE,790,23:00
ZBVE,803,23:00
ZBVE,808,23:00
ZBVE,811,23:00
ZBVE,816,23:00
ZBVE,820,23:00
ZBVE,10763,23:00
ZBVE,10764,23:00
ZBVE,18832,23:00
ZBVE,18850,23:00
ZBVE,851,23:00
ZBVE,852,23:00
ZBVE,855,23:00
ZBVE,858,23:00
ZBVE,860,23:00
ZBVE,871,23:00
ZBVE,12875,23:00
ZBVE,12893,23:00
ZBVE,16866,23:00
ZBVE,18878,23:00
ZBVE,309,23:00
ZBVE,311,23:00
ZBVE,408,23:00
ZBVE,409,23:00
ZBVE,413,23:00
ZBVE,424,23:00
ZBVE,708,23:00
ZBVE,791,23:00
ZBVE,10708,23:00
ZBVE,10724,23:00
ZBVE,10784,23:00
ZBVE,13709,23:00
ZBVE,13735,23:00
ZBVE,13737,23:00
ZBVE,13741,23:00
ZBVE,40701,23:00
ZBVE,73,23:00
ZBVE,82,23:00
ZBVE,768,23:00
ZBVE,1001,23:00
ZBVE,18003,23:00
ZBVE,18004,23:00
ZBVE,702,23:00
ZBVE,703,23:00
ZBVE,709,23:00
ZBVE,759,23:00
ZBVE,760,23:00
ZBVE,714,23:00
ZBVE,757,23:00
ZBVE,799,23:00
ZBVE,13720,23:00
ZBVE,705,23:00
ZBVE,719,23:00
ZBVE,734,23:00
ZBVE,745,23:00
ZBVE,771,23:00
ZBVE,1701,23:00
ZBVE,21,23:00
ZBVE,35,23:00
ZBVE,44,23:00
ZBVE,77,23:00
ZBVE,92,23:00
ZBVE,10010,23:00
ZBVE,10023,23:00
ZBVE,7,23:00
ZBVE,17,23:00
ZBVE,25,23:00
ZBVE,26,23:00
ZBVE,31,23:00
ZBVE,52,23:00
ZBVE,87,23:00
ZBVE,727,23:00
ZBVE,1008,23:00
ZBVE,19007,23:00
ZBVE,1,23:00
ZBVE,2,23:00
ZBVE,3,23:00
ZBVE,6,23:00
ZBVE,34,23:00
ZBVE,39,23:00
ZBVE,48,23:00
ZBVE,53,23:00
ZBVE,54,23:00
ZBVE,93,23:00
ZBVE,96,23:00
ZBVE,42,23:00
ZBVE,43,23:00
ZBVE,80,23:00
ZBVE,81,23:00
ZBVE,83,23:00
ZBVE,10082,23:00
ZBVE,10083,23:00
ZBVE,742,23:00
ZBVE,958,23:00
ZBVE,966,23:00
ZBVE,967,23:00
ZBVE,969,23:00
ZBVE,970,23:00
ZBVE,971,23:00
ZBVE,974,23:00
ZBVE,976,23:00
ZBVE,980,23:00
ZBVE,18007,23:00
ZBVE,704,23:00
ZBVE,716,23:00
ZBVE,717,23:00
ZBVE,765,23:00
ZBVE,13733,23:00
ZBVE,401,23:00
ZBVE,405,23:00
ZBVE,411,23:00
ZBVE,412,23:00
ZBVE,417,23:00
ZBVE,718,23:00
ZBVE,873,23:00
ZBVE,874,23:00
ZBVE,10765,23:00
ZBVE,10766,23:00
ZBVE,18794,23:00
ZBVE,15,23:00
ZBVE,19,23:00
ZBVE,46,23:00
ZBVE,59,23:00
ZBVE,94,23:00
ZBVE,210,23:00
ZBVE,236,23:00
ZBVE,240,23:00
ZBVE,1006,23:00
ZBVE,10033,23:00
ZBVE,16808,23:00
ZBVE,16814,23:00
ZBVE,16818,23:00
ZBVE,16830,23:00
ZBVE,23815,23:00
ZBVE,23824,23:00
ZBVE,23829,23:00
ZBVE,23842,23:00
ZBVE,24794,23:00
ZBVE,26807,23:00
ZBVE,26844,23:00
ZBVE,27807,23:00
ZBVE,27846,23:00
ZBVE,28801,23:00
ZBVE,23803,23:00
ZBVE,23812,23:00
ZBVE,23817,23:00
ZBVE,23843,23:00
ZBVE,26805,23:00
ZBVE,26822,23:00
ZBVE,26832,23:00
ZBVE,26843,23:00
ZBVE,27801,23:00
ZBVE,27803,23:00
ZBVE,27826,23:00
ZBVE,27836,23:00
ZBVE,27837,23:00
ZBVE,27838,23:00
ZBVE,27850,23:00
ZBVE,28804,23:00
ZBVE,13719,23:00
ZBVE,16723,23:00
ZBVE,16753,23:00
ZBVE,17711,23:00
ZBVE,23781,23:00
ZBVE,28719,23:00
ZBVE,28736,23:00
ZBVE,29736,23:00
ZBVE,13744,23:00
ZBVE,16748,23:00
ZBVE,16755,23:00
ZBVE,23708,23:00
ZBVE,23789,23:00
ZBVE,23791,23:00
ZBVE,24752,23:00
ZBVE,26704,23:00
ZBVE,26759,23:00
ZBVE,28799,23:00
ZBVE,29777,23:00
ZBVE,30732,23:00
ZBVE,13742,23:00
ZBVE,16729,23:00
ZBVE,16731,23:00
ZBVE,23734,23:00
ZBVE,23747,23:00
ZBVE,27739,23:00
ZBVE,27794,23:00
ZBVE,28792,23:00
ZBVE,29787,23:00
ZBVE,29794,23:00
ZBVE,12862,23:00
ZBVE,12874,23:00
ZBVE,12878,23:00
ZBVE,13723,23:00
ZBVE,13749,23:00
ZBVE,13751,23:00
ZBVE,13753,23:00
ZBVE,16782,23:00
ZBVE,16841,23:00
ZBVE,23704,23:00
ZBVE,25702,23:00
ZBVE,26737,23:00
ZBVE,26751,23:00
ZBVE,26755,23:00
ZBVE,29706,23:00
ZBVE,10701,23:00
ZBVE,13746,23:00
ZBVE,16772,23:00
ZBVE,26767,23:00
ZBVE,27756,23:00
ZBVE,27782,23:00
ZBVE,28702,23:00
ZBVM,29708,15:00
ZBVM,12872,15:00
ZBVM,13714,15:00
ZBVM,23798,15:00
ZBVM,23899,15:00
ZBVM,27726,15:00
ZBVM,28883,15:00
ZBVM,29733,15:00
ZBVM,29763,15:00
ZBVM,29887,15:00
ZBVM,29889,15:00
ZBVM,31898,15:00
ZBVM,32887,15:00
ZBVM,34856,15:00
ZBVM,34862,15:00
ZBVM,34864,15:00
ZBVM,34871,15:00
ZBVM,12863,15:00
ZBVM,13852,15:00
ZBVM,13867,15:00
ZBVM,16851,15:00
ZBVM,23863,15:00
ZBVM,25887,15:00
ZBVM,26870,15:00
ZBVM,28875,15:00
ZBVM,28888,15:00
ZBVM,28892,15:00
ZBVM,28893,15:00
ZBVM,28896,15:00
ZBVM,29860,15:00
ZBVM,29886,15:00
ZBVM,30884,15:00
ZBVM,30890,15:00
ZBVM,31884,15:00
ZBVM,31891,15:00
ZBVM,33856,15:00
ZBVM,33857,15:00
ZBVM,33869,15:00
ZBVM,33874,15:00
ZBVM,12854,15:00
ZBVM,12867,15:00
ZBVM,13863,15:00
ZBVM,13888,15:00
ZBVM,23897,15:00
ZBVM,24879,15:00
ZBVM,24898,15:00
ZBVM,25860,15:00
ZBVM,27870,15:00
ZBVM,27896,15:00
ZBVM,28862,15:00
ZBVM,30865,15:00
ZBVM,32878,15:00
ZBVM,34866,15:00
ZBVM,16708,15:00
ZBVM,23850,15:00
ZBVM,25880,15:00
ZBVM,25892,15:00
ZBVM,25894,15:00
ZBVM,26885,15:00
ZBVM,27877,15:00
ZBVM,29853,15:00
ZBVM,29867,15:00
ZBVM,29894,15:00
ZBVM,30877,15:00
ZBVM,30888,15:00
ZBVM,31892,15:00
ZBVM,32876,15:00
ZBVM,32891,15:00
ZBVM,33859,15:00
ZBVM,33882,15:00
ZBVM,33892,15:00
ZBVM,349,15:00
ZBVM,407,15:00
ZBVM,416,15:00
ZBVM,523,15:00
ZBVM,10515,15:00
ZBVM,23564,15:00
ZBVM,28574,15:00
ZBVM,29590,15:00
ZBVM,13501,15:00
ZBVM,23929,15:00
ZBVM,26924,15:00
ZBVM,26925,15:00
ZBVM,26928,15:00
ZBVM,26929,15:00
ZBVM,26932,15:00
ZBVM,26940,15:00
ZBVM,26943,15:00
ZBVM,26949,15:00
ZBVM,27924,15:00
ZBVM,27933,15:00
ZBVM,27946,15:00
ZBVM,16513,15:00
ZBVM,16533,15:00
ZBVM,16591,15:00
ZBVM,23501,15:00
ZBVM,23550,15:00
ZBVM,23578,15:00
ZBVM,23587,15:00
ZBVM,24532,15:00
ZBVM,24536,15:00
ZBVM,24575,15:00
ZBVM,27502,15:00
ZBVM,28526,15:00
ZBVM,28567,15:00
ZBVM,28595,15:00
ZBVM,29532,15:00
ZBVM,29560,15:00
ZBVM,13502,15:00
ZBVM,13506,15:00
ZBVM,16504,15:00
ZBVM,16555,15:00
ZBVM,16598,15:00
ZBVM,23523,15:00
ZBVM,23525,15:00
ZBVM,23544,15:00
ZBVM,23569,15:00
ZBVM,24542,15:00
ZBVM,26549,15:00
ZBVM,26561,15:00
ZBVM,26585,15:00
ZBVM,26944,15:00
ZBVM,27515,15:00
ZBVM,27552,15:00
ZBVM,27584,15:00
ZBVM,28564,15:00
ZBVM,29535,15:00
ZBVM,29546,15:00
ZBVM,29571,15:00
ZBVM,29594,15:00
ZBVM,602,15:00
ZBVM,616,15:00
ZBVM,663,15:00
ZBVM,665,15:00
ZBVM,1603,15:00
ZBVM,10214,15:00
ZBVM,16603,15:00
ZBVM,23609,15:00
ZBVM,23662,15:00
ZBVM,23687,15:00
ZBVM,24627,15:00
ZBVM,28674,15:00
ZBVM,16101,15:00
ZBVM,16127,15:00
ZBVM,16128,15:00
ZBVM,16129,15:00
ZBVM,16135,15:00
ZBVM,16141,15:00
ZBVM,23080,15:00
ZBVM,23085,15:00
ZBVM,23102,15:00
ZBVM,23109,15:00
ZBVM,23125,15:00
ZBVM,23134,15:00
ZBVM,26116,15:00
ZBVM,26133,15:00
ZBVM,23505,15:00
ZBVM,23506,15:00
ZBVM,23509,15:00
ZBVM,23512,15:00
ZBVM,23563,15:00
ZBVM,23588,15:00
ZBVM,24534,15:00
ZBVM,26501,15:00
ZBVM,26589,15:00
ZBVM,27554,15:00
ZBVM,27571,15:00
ZBVM,27582,15:00
ZBVM,28504,15:00
ZBVM,28506,15:00
ZBVM,28573,15:00
ZBVM,29501,15:00
ZBVM,29536,15:00
ZBVM,29579,15:00
ZBVM,1505,15:00
ZBVM,10524,15:00
ZBVM,16548,15:00
ZBVM,16599,15:00
ZBVM,23541,15:00
ZBVM,24527,15:00
ZBVM,25574,15:00
ZBVM,27579,15:00
ZBVM,28518,15:00
ZBVM,28562,15:00
ZBVM,28589,15:00
ZBVM,30509,15:00
ZBVM,23740,15:00
ZBVM,23806,15:00
ZBVM,24803,15:00
ZBVM,26734,15:00
ZBVM,26820,15:00
ZBVM,26826,15:00
ZBVM,26832,15:00
ZBVM,26838,15:00
ZBVM,26847,15:00
ZBVM,26849,15:00
ZBVM,26850,15:00
ZBVM,26863,15:00
ZBVM,27820,15:00
ZBVM,27834,15:00
ZBVM,27836,15:00
ZBVM,27844,15:00
ZBVM,16564,15:00
ZBVM,16578,15:00
ZBVM,17507,15:00
ZBVM,23557,15:00
ZBVM,23577,15:00
ZBVM,24520,15:00
ZBVM,25577,15:00
ZBVM,25578,15:00
ZBVM,26516,15:00
ZBVM,28576,15:00
ZBVM,28588,15:00
ZBVM,29516,15:00
ZBVM,29558,15:00
ZBVM,30518,15:00
ZBVM,16840,15:00
ZBVM,17852,15:00
ZBVM,23718,15:00
ZBVM,23846,15:00
ZBVM,23853,15:00
ZBVM,23864,15:00
ZBVM,23881,15:00
ZBVM,23882,15:00
ZBVM,23896,15:00
ZBVM,24861,15:00
ZBVM,25865,15:00
ZBVM,25876,15:00
ZBVM,27881,15:00
ZBVM,33855,15:00
ZBVM,33889,15:00
ZBVM,33894,15:00
ZBVM,33898,15:00
ZBVM,34865,15:00
ZBVM,10520,15:00
ZBVM,16576,15:00
ZBVM,23514,15:00
ZBVM,23561,15:00
ZBVM,23576,15:00
ZBVM,24504,15:00
ZBVM,24530,15:00
ZBVM,24548,15:00
ZBVM,24561,15:00
ZBVM,24571,15:00
ZBVM,24573,15:00
ZBVM,26506,15:00
ZBVM,26575,15:00
ZBVM,27581,15:00
ZBVM,28502,15:00
ZBVM,28578,15:00
ZBVM,29510,15:00
ZBVM,29598,15:00
ZBVM,13030,15:00
ZBVM,16010,15:00
ZBVM,16078,15:00
ZBVM,16132,15:00
ZBVM,16140,15:00
ZBVM,17003,15:00
ZBVM,17006,15:00
ZBVM,23052,15:00
ZBVM,24021,15:00
ZBVM,26026,15:00
ZBVM,27053,15:00
ZBVM,27055,15:00
ZBVM,27067,15:00
ZBVM,27083,15:00
ZBVM,27091,15:00
ZBVM,632,15:00
ZBVM,16138,15:00
ZBVM,23107,15:00
ZBVM,23113,15:00
ZBVM,23117,15:00
ZBVM,23123,15:00
ZBVM,23137,15:00
ZBVM,26115,15:00
ZBVM,26119,15:00
ZBVM,26123,15:00
ZBVM,26126,15:00
ZBVM,26145,15:00
ZBVM,27664,15:00
ZBVM,12885,15:00
ZBVM,16717,15:00
ZBVM,23872,15:00
ZBVM,24858,15:00
ZBVM,27882,15:00
ZBVM,28859,15:00
ZBVM,28860,15:00
ZBVM,28878,15:00
ZBVM,29856,15:00
ZBVM,30857,15:00
ZBVM,30859,15:00
ZBVM,31851,15:00
ZBVM,32870,15:00
ZBVM,32874,15:00
ZBVM,32899,15:00
ZBVM,33875,15:00
ZBVM,34855,15:00
ZBVM,34872,15:00
ZBVM,12864,15:00
ZBVM,12880,15:00
ZBVM,12888,15:00
ZBVM,24854,15:00
ZBVM,24863,15:00
ZBVM,26879,15:00
ZBVM,27891,15:00
ZBVM,30881,15:00
ZBVM,31880,15:00
ZBVM,31895,15:00
ZBVM,32866,15:00
ZBVM,32873,15:00
ZBVM,32881,15:00
ZBVM,33866,15:00
ZBVM,33876,15:00
ZBVM,33899,15:00
ZBVM,34867,15:00
ZBVM,16809,15:00
ZBVM,16821,15:00
ZBVM,16824,15:00
ZBVM,16825,15:00
ZBVM,16880,15:00
ZBVM,19801,15:00
ZBVM,23870,15:00
ZBVM,24816,15:00
ZBVM,24893,15:00
ZBVM,26867,15:00
ZBVM,26889,15:00
ZBVM,27825,15:00
ZBVM,28803,15:00
ZBVM,30869,15:00
ZBVM,32854,15:00
ZBVM,34873,15:00
ZBVM,56,15:00
ZBVM,13057,15:00
ZBVM,16027,15:00
ZBVM,16029,15:00
ZBVM,16079,15:00
ZBVM,23076,15:00
ZBVM,24018,15:00
ZBVM,26078,15:00
ZBVM,26081,15:00
ZBVM,27043,15:00
ZBVM,27054,15:00
ZBVM,176,15:00
ZBVM,10102,15:00
ZBVM,10134,15:00
ZBVM,13665,15:00
ZBVM,16663,15:00
ZBVM,23136,15:00
ZBVM,26106,15:00
ZBVM,26143,15:00
ZBVM,26147,15:00
ZBVM,26636,15:00
ZBVM,26694,15:00
ZBVM,27669,15:00
ZBVM,28608,15:00
ZBVM,58,15:00
ZBVM,14002,15:00
ZBVM,16123,15:00
ZBVM,16126,15:00
ZBVM,16142,15:00
ZBVM,17028,15:00
ZBVM,17034,15:00
ZBVM,23009,15:00
ZBVM,23041,15:00
ZBVM,24011,15:00
ZBVM,24043,15:00
ZBVM,26023,15:00
ZBVM,26054,15:00
ZBVM,28024,15:00
ZBVM,655,15:00
ZBVM,10611,15:00
ZBVM,13632,15:00
ZBVM,25634,15:00
ZBVM,26680,15:00
ZBVM,26693,15:00
ZBVM,27631,15:00
ZBVM,28611,15:00
ZBVM,28625,15:00
ZBVM,28653,15:00
ZBVM,28687,15:00
ZBVM,29613,15:00
ZBVM,13637,15:00
ZBVM,16668,15:00
ZBVM,23671,15:00
ZBVM,24610,15:00
ZBVM,24617,15:00
ZBVM,24634,15:00
ZBVM,26511,15:00
ZBVM,27556,15:00
ZBVM,27633,15:00
ZBVM,27644,15:00
ZBVM,27673,15:00
ZBVM,28580,15:00
ZBVM,29514,15:00
ZBVM,29548,15:00
ZBVM,30508,15:00
ZBVM,13913,15:00
ZBVM,13916,15:00
ZBVM,16906,15:00
ZBVM,16908,15:00
ZBVM,17903,15:00
ZBVM,23902,15:00
ZBVM,23903,15:00
ZBVM,23904,15:00
ZBVM,23906,15:00
ZBVM,23915,15:00
ZBVM,26918,15:00
ZBVM,27905,15:00
ZBVM,27906,15:00
ZBVM,27912,15:00
ZBVM,28901,15:00
ZBVM,28904,15:00
ZBVM,28906,15:00
ZBVM,23716,15:00
ZBVM,23837,15:00
ZBVM,25713,15:00
ZBVM,25717,15:00
ZBVM,25859,15:00
ZBVM,25881,15:00
ZBVM,25890,15:00
ZBVM,29854,15:00
ZBVM,29892,15:00
ZBVM,29898,15:00
ZBVM,30873,15:00
ZBVM,30880,15:00
ZBVM,30886,15:00
ZBVM,30889,15:00
ZBVM,34853,15:00
ZBVM,13621,15:00
ZBVM,13657,15:00
ZBVM,16620,15:00
ZBVM,26502,15:00
ZBVM,26568,15:00
ZBVM,27536,15:00
ZBVM,27561,15:00
ZBVM,27595,15:00
ZBVM,27597,15:00
ZBVM,27602,15:00
ZBVM,28523,15:00
ZBVM,28548,15:00
ZBVM,29530,15:00
ZBVM,29559,15:00
ZBVM,29563,15:00
ZBVM,10509,15:00
ZBVM,16520,15:00
ZBVM,16572,15:00
ZBVM,16665,15:00
ZBVM,23592,15:00
ZBVM,23653,15:00
ZBVM,24509,15:00
ZBVM,24512,15:00
ZBVM,24529,15:00
ZBVM,24562,15:00
ZBVM,26580,15:00
ZBVM,26698,15:00
ZBVM,27524,15:00
ZBVM,27527,15:00
ZBVM,27698,15:00
ZBVM,28540,15:00
ZBVM,28542,15:00
ZBVM,28585,15:00
ZBVM,28591,15:00
ZBVM,28626,15:00
ZBVM,29577,15:00
ZBVM,29599,15:00
ZBVM,30528,15:00
ZBVM,13902,15:00
ZBVM,13907,15:00
ZBVM,13909,15:00
ZBVM,13915,15:00
ZBVM,13917,15:00
ZBVM,13919,15:00
ZBVM,13920,15:00
ZBVM,13923,15:00
ZBVM,13924,15:00
ZBVM,16913,15:00
ZBVM,23901,15:00
ZBVM,23913,15:00
ZBVM,26919,15:00
ZBVM,27902,15:00
ZBVM,27911,15:00
ZBVM,28905,15:00
ZBVM,13654,15:00
ZBVM,13661,15:00
ZBVM,16539,15:00
ZBVM,16610,15:00
ZBVM,17606,15:00
ZBVM,23636,15:00
ZBVM,23661,15:00
ZBVM,23695,15:00
ZBVM,26559,15:00
ZBVM,27531,15:00
ZBVM,28661,15:00
ZBVM,29534,15:00
ZBVM,29578,15:00
ZBVM,28510,15:00
ZBVM,13669,15:00
ZBVM,13670,15:00
ZBVM,16608,15:00
ZBVM,23691,15:00
ZBVM,24654,15:00
ZBVM,26666,15:00
ZBVM,26688,15:00
ZBVM,27676,15:00
ZBVM,27693,15:00
ZBVM,28649,15:00
ZBVM,28667,15:00
ZBVM,28689,15:00
ZBVM,29616,15:00
ZBVM,10084,15:00
ZBVM,10088,15:00
ZBVM,13059,15:00
ZBVM,14001,15:00
ZBVM,17011,15:00
ZBVM,17016,15:00
ZBVM,17025,15:00
ZBVM,24032,15:00
ZBVM,24035,15:00
ZBVM,26094,15:00
ZBVM,27027,15:00
ZBVM,27064,15:00
ZBVM,27098,15:00
ZBVM,27099,15:00
ZBVM,28004,15:00
ZBVM,28006,15:00
ZBVM,28014,15:00
ZBVM,13647,15:00
ZBVM,13650,15:00
ZBVM,23694,15:00
ZBVM,24639,15:00
ZBVM,25607,15:00
ZBVM,25615,15:00
ZBVM,26643,15:00
ZBVM,26664,15:00
ZBVM,26671,15:00
ZBVM,27605,15:00
ZBVM,27619,15:00
ZBVM,27625,15:00
ZBVM,27637,15:00
ZBVM,27656,15:00
ZBVM,27688,15:00
ZBVM,28640,15:00
ZBVM,28650,15:00
ZBVM,14101,15:00
ZBVM,16111,15:00
ZBVM,16130,15:00
ZBVM,17101,15:00
ZBVM,17102,15:00
ZBVM,17104,15:00
ZBVM,23040,15:00
ZBVM,23057,15:00
ZBVM,24051,15:00
ZBVM,26014,15:00
ZBVM,26055,15:00
ZBVM,27019,15:00
ZBVM,27029,15:00
ZBVM,27037,15:00
ZBVM,28001,15:00
ZBVM,16552,15:00
ZBVM,16562,15:00
ZBVM,16586,15:00
ZBVM,17508,15:00
ZBVM,18599,15:00
ZBVM,24544,15:00
ZBVM,25621,15:00
ZBVM,25627,15:00
ZBVM,26513,15:00
ZBVM,26527,15:00
ZBVM,26548,15:00
ZBVM,26685,15:00
ZBVM,27564,15:00
ZBVM,28519,15:00
ZBVM,29567,15:00
ZBVM,29581,15:00
ZBVM,30510,15:00
ZBVM,16605,15:00
ZBVM,12857,15:00
ZBVM,13844,15:00
ZBVM,13870,15:00
ZBVM,13895,15:00
ZBVM,16849,15:00
ZBVM,23822,15:00
ZBVM,23829,15:00
ZBVM,24794,15:00
ZBVM,24809,15:00
ZBVM,27828,15:00
ZBVM,27839,15:00
ZBVM,28805,15:00
ZBVM,28806,15:00
ZBVM,30862,15:00
ZBVM,32871,15:00
ZBVM,34859,15:00
ZBVM,657,15:00
ZBVM,16535,15:00
ZBVM,16588,15:00
ZBVM,16597,15:00
ZBVM,23535,15:00
ZBVM,23542,15:00
ZBVM,23595,15:00
ZBVM,24537,15:00
ZBVM,26534,15:00
ZBVM,26535,15:00
ZBVM,28527,15:00
ZBVM,28539,15:00
ZBVM,28557,15:00
ZBVM,28586,15:00
ZBVM,29505,15:00
ZBVM,29506,15:00
ZBVM,29507,15:00
ZBVM,29575,15:00
ZBVM,29580,15:00
ZBVM,29586,15:00
ZBVM,30511,15:00
ZBVM,30517,15:00
ZBVM,41,15:00
ZBVM,13019,15:00
ZBVM,16006,15:00
ZBVM,16059,15:00
ZBVM,17004,15:00
ZBVM,17024,15:00
ZBVM,17026,15:00
ZBVM,19008,15:00
ZBVM,24052,15:00
ZBVM,26038,15:00
ZBVM,144,15:00
ZBVM,10668,15:00
ZBVM,13609,15:00
ZBVM,16664,15:00
ZBVM,23697,15:00
ZBVM,24660,15:00
ZBVM,26628,15:00
ZBVM,27611,15:00
ZBVM,27614,15:00
ZBVM,27677,15:00
ZBVM,28652,15:00
ZBVM,28670,15:00
ZBVM,28679,15:00
ZBVM,1508,15:00
ZBVM,1509,15:00
ZBVM,16921,15:00
ZBVM,23923,15:00
ZBVM,23934,15:00
ZBVM,27926,15:00
ZBVM,27931,15:00
ZBVM,27932,15:00
ZBVM,27934,15:00
ZBVM,27936,15:00
ZBVM,27939,15:00
ZBVM,27943,15:00
ZBVM,27944,15:00
ZBVM,27945,15:00
ZBVM,28534,15:00
ZBVM,28695,15:00
ZBVM,1502,15:00
ZBVM,1504,15:00
ZBVM,16568,15:00
ZBVM,16582,15:00
ZBVM,23583,15:00
ZBVM,23584,15:00
ZBVM,23598,15:00
ZBVM,24501,15:00
ZBVM,25581,15:00
ZBVM,26547,15:00
ZBVM,29512,15:00
ZBVM,29538,15:00
ZBVM,29565,15:00
ZBVM,30506,15:00
ZBVM,30516,15:00
ZBVM,13955,15:00
ZBVM,16971,15:00
ZBVM,16987,15:00
ZBVM,17962,15:00
ZBVM,17963,15:00
ZBVM,17964,15:00
ZBVM,23955,15:00
ZBVM,23973,15:00
ZBVM,26977,15:00
ZBVM,26984,15:00
ZBVM,28983,15:00
ZBVM,12861,15:00
ZBVM,13898,15:00
ZBVM,16846,15:00
ZBVM,23848,15:00
ZBVM,25882,15:00
ZBVM,26859,15:00
ZBVM,26888,15:00
ZBVM,29878,15:00
ZBVM,30894,15:00
ZBVM,31876,15:00
ZBVM,31893,15:00
ZBVM,31896,15:00
ZBVM,32852,15:00
ZBVM,34854,15:00
ZBVM,34861,15:00
ZBVM,34870,15:00
ZBVM,13655,15:00
ZBVM,13663,15:00
ZBVM,16662,15:00
ZBVM,23628,15:00
ZBVM,23658,15:00
ZBVM,24601,15:00
ZBVM,24602,15:00
ZBVM,24616,15:00
ZBVM,24657,15:00
ZBVM,25602,15:00
ZBVM,27658,15:00
ZBVM,28597,15:00
ZBVM,29540,15:00
ZBVM,29549,15:00
ZBVM,30505,15:00
ZBVM,16560,15:00
ZBVM,979,15:00
ZBVM,13954,15:00
ZBVM,13969,15:00
ZBVM,13971,15:00
ZBVM,13972,15:00
ZBVM,17958,15:00
ZBVM,17960,15:00
ZBVM,17961,15:00
ZBVM,26970,15:00
ZBVM,27960,15:00
ZBVM,27962,15:00
ZBVM,28975,15:00
ZBVM,28981,15:00
ZBVM,13604,15:00
ZBVM,13625,15:00
ZBVM,13634,15:00
ZBVM,13675,15:00
ZBVM,16621,15:00
ZBVM,23602,15:00
ZBVM,23622,15:00
ZBVM,23696,15:00
ZBVM,24615,15:00
ZBVM,24636,15:00
ZBVM,26675,15:00
ZBVM,27671,15:00
ZBVM,27679,15:00
ZBVM,28604,15:00
ZBVM,28680,15:00
ZBVM,29617,15:00
ZBVM,23604,15:00
ZBVM,23606,15:00
ZBVM,24640,15:00
ZBVM,24656,15:00
ZBVM,24677,15:00
ZBVM,24696,15:00
ZBVM,25614,15:00
ZBVM,26635,15:00
ZBVM,26647,15:00
ZBVM,26684,15:00
ZBVM,27628,15:00
ZBVM,27691,15:00
ZBVM,28617,15:00
ZBVM,28633,15:00
ZBVM,28636,15:00
ZBVM,28656,15:00
ZBVM,28691,15:00
ZBVM,13642,15:00
ZBVM,13672,15:00
ZBVM,16666,15:00
ZBVM,16696,15:00
ZBVM,23679,15:00
ZBVM,24645,15:00
ZBVM,24646,15:00
ZBVM,24678,15:00
ZBVM,25603,15:00
ZBVM,26614,15:00
ZBVM,26633,15:00
ZBVM,27604,15:00
ZBVM,27610,15:00
ZBVM,27696,15:00
ZBVM,28618,15:00
ZBVM,28629,15:00
ZBVM,28646,15:00
ZBVM,28669,15:00
ZBVM,51,15:00
ZBVM,10013,15:00
ZBVM,16007,15:00
ZBVM,16011,15:00
ZBVM,17030,15:00
ZBVM,17038,15:00
ZBVM,17042,15:00
ZBVM,24020,15:00
ZBVM,24026,15:00
ZBVM,13876,15:00
ZBVM,13893,15:00
ZBVM,13896,15:00
ZBVM,16899,15:00
ZBVM,23855,15:00
ZBVM,23862,15:00
ZBVM,24899,15:00
ZBVM,26894,15:00
ZBVM,26899,15:00
ZBVM,27849,15:00
ZBVM,29859,15:00
ZBVM,30858,15:00
ZBVM,31854,15:00
ZBVM,31867,15:00
ZBVM,31877,15:00
ZBVM,31883,15:00
ZBVM,32863,15:00
ZBVM,33868,15:00
ZBVM,517,15:00
ZBVM,525,15:00
ZBVM,10505,15:00
ZBVM,16549,15:00
ZBVM,16567,15:00
ZBVM,17713,15:00
ZBVM,25580,15:00
ZBVM,26541,15:00
ZBVM,26582,15:00
ZBVM,28703,15:00
ZBVM,12887,15:00
ZBVM,23860,15:00
ZBVM,23871,15:00
ZBVM,23877,15:00
ZBVM,25855,15:00
ZBVM,25861,15:00
ZBVM,27861,15:00
ZBVM,30854,15:00
ZBVM,31857,15:00
ZBVM,31858,15:00
ZBVM,31875,15:00
ZBVM,32898,15:00
ZBVM,33851,15:00
ZBVM,33858,15:00
ZBVM,34858,15:00
ZBVM,710,15:00
ZBVM,13704,15:00
ZBVM,24883,15:00
ZBVM,25878,15:00
ZBVM,25879,15:00
ZBVM,27898,15:00
ZBVM,28759,15:00
ZBVM,28857,15:00
ZBVM,29755,15:00
ZBVM,29799,15:00
ZBVM,30860,15:00
ZBVM,30863,15:00
ZBVM,30887,15:00
ZBVM,31870,15:00
ZBVM,31885,15:00
ZBVM,32858,15:00
ZBVM,33862,15:00
ZBVM,33879,15:00
ZBVM,33895,15:00
ZBVM,16891,15:00
ZBVM,23885,15:00
ZBVM,23886,15:00
ZBVM,24884,15:00
ZBVM,26891,15:00
ZBVM,27858,15:00
ZBVM,27862,15:00
ZBVM,27892,15:00
ZBVM,28852,15:00
ZBVM,29874,15:00
ZBVM,32897,15:00
ZBVM,33852,15:00
ZBVM,33853,15:00
ZBVM,33863,15:00
ZBVM,33885,15:00
ZBVM,33887,15:00
ZBVM,12877,15:00
ZBVM,12890,15:00
ZBVM,12891,15:00
ZBVM,16865,15:00
ZBVM,16888,15:00
ZBVM,23840,15:00
ZBVM,23857,15:00
ZBVM,25893,15:00
ZBVM,28851,15:00
ZBVM,28854,15:00
ZBVM,30883,15:00
ZBVM,31882,15:00
ZBVM,32888,15:00
ZBVM,33865,15:00
ZBVM,356,15:00
ZBVM,601,15:00
ZBVM,607,15:00
ZBVM,608,15:00
ZBVM,619,15:00
ZBVM,621,15:00
ZBVM,629,15:00
ZBVM,631,15:00
ZBVM,659,15:00
ZBVM,667,15:00
ZBVM,676,15:00
ZBVM,1608,15:00
ZBVM,10673,15:00
ZBVM,19101,15:00
ZBVM,340,15:00
ZBVM,501,15:00
ZBVM,502,15:00
ZBVM,504,15:00
ZBVM,512,15:00
ZBVM,513,15:00
ZBVM,518,15:00
ZBVM,524,15:00
ZBVM,536,15:00
ZBVM,539,15:00
ZBVM,555,15:00
ZBVM,556,15:00
ZBVM,585,15:00
ZBVM,586,15:00
ZBVM,18594,15:00
ZBVM,348,15:00
ZBVM,350,15:00
ZBVM,351,15:00
ZBVM,660,15:00
ZBVM,661,15:00
ZBVM,668,15:00
ZBVM,669,15:00
ZBVM,1607,15:00
ZBVM,10322,15:00
ZBVM,10608,15:00
ZBVM,10622,15:00
ZBVM,10626,15:00
ZBVM,10677,15:00
ZBVM,13611,15:00
ZBVM,516,15:00
ZBVM,537,15:00
ZBVM,630,15:00
ZBVM,636,15:00
ZBVM,1506,15:00
ZBVM,1507,15:00
ZBVM,10526,15:00
ZBVM,16509,15:00
ZBVM,18592,15:00
ZBVM,18593,15:00
ZBVM,129,15:00
ZBVM,130,15:00
ZBVM,132,15:00
ZBVM,133,15:00
ZBVM,137,15:00
ZBVM,140,15:00
ZBVM,901,15:00
ZBVM,904,15:00
ZBVM,915,15:00
ZBVM,919,15:00
ZBVM,922,15:00
ZBVM,924,15:00
ZBVM,10136,15:00
ZBVM,16917,15:00
ZBVM,902,15:00
ZBVM,903,15:00
ZBVM,905,15:00
ZBVM,906,15:00
ZBVM,907,15:00
ZBVM,920,15:00
ZBVM,934,15:00
ZBVM,1002,15:00
ZBVM,10080,15:00
ZBVM,19902,15:00
ZBVM,531,15:00
ZBVM,544,15:00
ZBVM,545,15:00
ZBVM,548,15:00
ZBVM,561,15:00
ZBVM,583,15:00
ZBVM,628,15:00
ZBVM,653,15:00
ZBVM,656,15:00
ZBVM,673,15:00
ZBVM,683,15:00
ZBVM,10627,15:00
ZBVM,10627,15:00
ZBVM,779,15:00
ZBVM,781,15:00
ZBVM,782,15:00
ZBVM,802,15:00
ZBVM,809,15:00
ZBVM,812,15:00
ZBVM,814,15:00
ZBVM,815,15:00
ZBVM,817,15:00
ZBVM,818,15:00
ZBVM,10763,15:00
ZBVM,18824,15:00
ZBVM,853,15:00
ZBVM,854,15:00
ZBVM,856,15:00
ZBVM,857,15:00
ZBVM,859,15:00
ZBVM,10851,15:00
ZBVM,12865,15:00
ZBVM,12893,15:00
ZBVM,16866,15:00
ZBVM,17853,15:00
ZBVM,304,15:00
ZBVM,305,15:00
ZBVM,310,15:00
ZBVM,312,15:00
ZBVM,321,15:00
ZBVM,324,15:00
ZBVM,325,15:00
ZBVM,328,15:00
ZBVM,329,15:00
ZBVM,330,15:00
ZBVM,408,15:00
ZBVM,801,15:00
ZBVM,805,15:00
ZBVM,807,15:00
ZBVM,821,15:00
ZBVM,828,15:00
ZBVM,834,15:00
ZBVM,18827,15:00
ZBVM,18831,15:00
ZBVM,18840,15:00
ZBVM,713,15:00
ZBVM,835,15:00
ZBVM,836,15:00
ZBVM,837,15:00
ZBVM,17803,15:00
ZBVM,18841,15:00
ZBVM,18842,15:00
ZBVM,18843,15:00
ZBVM,18844,15:00
ZBVM,18845,15:00
ZBVM,18846,15:00
ZBVM,18847,15:00
ZBVM,18848,15:00
ZBVM,18849,15:00
ZBVM,725,15:00
ZBVM,728,15:00
ZBVM,739,15:00
ZBVM,740,15:00
ZBVM,741,15:00
ZBVM,772,15:00
ZBVM,864,15:00
ZBVM,865,15:00
ZBVM,868,15:00
ZBVM,18829,15:00
ZBVM,18830,15:00
ZBVM,38,15:00
ZBVM,66,15:00
ZBVM,68,15:00
ZBVM,69,15:00
ZBVM,73,15:00
ZBVM,95,15:00
ZBVM,1009,15:00
ZBVM,1012,15:00
ZBVM,1013,15:00
ZBVM,17007,15:00
ZBVM,37,15:00
ZBVM,42,15:00
ZBVM,43,15:00
ZBVM,63,15:00
ZBVM,75,15:00
ZBVM,80,15:00
ZBVM,81,15:00
ZBVM,89,15:00
ZBVM,19002,15:00
ZBVM,729,15:00
ZBVM,730,15:00
ZBVM,746,15:00
ZBVM,765,15:00
ZBVM,863,15:00
ZBVM,873,15:00
ZBVM,874,15:00
ZBVM,13857,15:00
ZBVM,16839,15:00
ZBVM,9,15:00
ZBVM,12,15:00
ZBVM,13,15:00
ZBVM,62,15:00
ZBVM,110,15:00
ZBVM,128,15:00
ZBVM,131,15:00
ZBVM,203,15:00
ZBVM,216,15:00
ZBVM,230,15:00
ZBVM,241,15:00
ZBVM,19003,15:00
ZBVM,19202,15:00
ZBVM,701,15:00
ZBVM,735,15:00
ZBVM,757,15:00
ZBVM,769,15:00
ZBVM,1702,15:00
ZBVM,13720,15:00
ZBVM,319,15:00
ZBVM,403,15:00
ZBVM,410,15:00
ZBVM,413,15:00
ZBVM,423,15:00
ZBVM,424,15:00
ZBVM,764,15:00
ZBVM,4,15:00
ZBVM,5,15:00
ZBVM,27,15:00
ZBVM,30,15:00
ZBVM,32,15:00
ZBVM,49,15:00
ZBVM,65,15:00
ZBVM,67,15:00
ZBVM,86,15:00
ZBVM,19006,15:00
ZBVM,18,15:00
ZBVM,20,15:00
ZBVM,24,15:00
ZBVM,57,15:00
ZBVM,64,15:00
ZBVM,79,15:00
ZBVM,90,15:00
ZBVM,16014,15:00
ZBVM,19004,15:00
ZBVM,706,15:00
ZBVM,707,15:00
ZBVM,719,15:00
ZBVM,861,15:00
ZBVM,862,15:00
ZBVM,883,15:00
ZBVM,10859,15:00
ZBVM,10860,15:00
ZBVM,12855,15:00
ZBVM,16863,15:00
ZBVM,18794,15:00
ZBVM,84,15:00
ZBVM,951,15:00
ZBVM,956,15:00
ZBVM,957,15:00
ZBVM,968,15:00
ZBVM,975,15:00
ZBVM,977,15:00
ZBVM,978,15:00
ZBVM,10091,15:00
ZBVM,19005,15:00
ZBVM,98,15:00
ZBVM,952,15:00
ZBVM,953,15:00
ZBVM,954,15:00
ZBVM,955,15:00
ZBVM,959,15:00
ZBVM,960,15:00
ZBVM,961,15:00
ZBVM,962,15:00
ZBVM,964,15:00
ZBVM,965,15:00
ZBVM,972,15:00
ZBVM,16956,15:00
ZBVM,28,15:00
ZBVM,36,15:00
ZBVM,47,15:00
ZBVM,61,15:00
ZBVM,72,15:00
ZBVM,88,15:00
ZBVM,101,15:00
ZBVM,113,15:00
ZBVM,115,15:00
ZBVM,117,15:00
ZBVM,122,15:00
ZBVM,123,15:00
ZBVM,108,15:00
ZBVM,109,15:00
ZBVM,111,15:00
ZBVM,112,15:00
ZBVM,114,15:00
ZBVM,116,15:00
ZBVM,118,15:00
ZBVM,119,15:00
ZBVM,126,15:00
ZBVM,134,15:00
ZBVM,136,15:00
ZBVM,138,15:00
ZBVM,169,15:00
ZBVM,18172,15:00
ZBVM,12852,15:00
ZBVM,12882,15:00
ZBVM,12886,15:00
ZBVM,12889,15:00
ZBVM,16845,15:00
ZBVM,16860,15:00
ZBVM,24851,15:00
ZBVM,24856,15:00
ZBVM,29879,15:00
ZBVM,30875,15:00
ZBVM,30885,15:00
ZBVM,30895,15:00
ZBVM,31887,15:00
ZBVM,32857,15:00
ZBVM,34863,15:00
ZBVM,34869,15:00
ZBVM,16749,15:00
ZBVM,23705,15:00
ZBVM,23785,15:00
ZBVM,24719,15:00
ZBVM,24749,15:00
ZBVM,26767,15:00
ZBVM,27782,15:00
ZBVM,29794,15:00
ZBVM,30734,15:00
ZBVM,13719,15:00
ZBVM,13742,15:00
ZBVM,16723,15:00
ZBVM,16729,15:00
ZBVM,16730,15:00
ZBVM,23708,15:00
ZBVM,737,15:00
ZBVM,763,15:00
ZBVM,16753,15:00
ZBVM,16755,15:00
ZBVM,23752,15:00
ZBVM,23789,15:00
ZBVM,23791,15:00
ZBVM,13721,15:00
ZBVM,13753,15:00
ZBVM,16748,15:00
ZBVM,16782,15:00
ZBVM,16841,15:00
ZBVM,23704,15:00
ZBVM,24792,15:00
ZBVM,29706,15:00
ZBVM,30736,15:00
ZBVM,743,15:00
ZBVM,16757,15:00
ZBVM,16783,15:00
ZBVM,23765,15:00
ZBVM,24722,15:00
ZBVM,24745,15:00
ZBVM,26716,15:00
ZBVM,26786,15:00
ZBVM,27711,15:00
ZBVM,27779,15:00
ZBVM,28706,15:00
ZBVM,28707,15:00
ZBVM,28760,15:00
ZBVE,29798,15:00
ZBVM,22332,15:00