10724,26.709572, 77.262053
71363@A,27.21159, 78.00504
71372@A,27.21159, 78.00504
71816@A,27.21159, 78.00504
71321@A,27.21167, 78.00515
71830@A,27.21172, 78.00512
71805@A,27.21174, 78.00509
71834@A,27.2118, 78.00518
71399@A,27.21184, 78.00519
71354@A,27.89534, 78.08988
71375@A,27.89543, 78.09009
71337@A,27.89547, 78.08977
71802@A,27.90191, 78.07637
71396@A,28.02653, 78.26987
71395@A,28.02681, 78.27017
71193@A,28.14676, 77.33316
71734@A,28.1908, 76.62023
71734@B,28.19181, 76.61717
71129@A,28.20716, 76.79875
13958,28.31908,77.33333
16970,28.330365, 77.309699
955,28.33184, 77.33674
959,28.33756, 77.320945
975,28.34481, 77.29528
16998,28.34482,77.29526
16956,28.345667, 77.319760
1659,28.345918, 77.31956
13956,28.346293, 77.332837
16968,28.348158, 77.263804
17954,28.34906, 77.288894
16972,28.349550, 77.258879
972,28.350335, 77.331982
17961,28.35175, 77.29149
16957,28.353388, 77.272655
17957,28.355713, 77.29351
960,28.355845, 77.326855
957,28.36154, 77.29643
16986,28.363315, 77.27565
15958,28.36349, 77.32618
956,28.365268, 77.294545
17960,28.36535, 77.30978
961,28.365375, 77.334363
17956,28.36635, 77.30843
15957,28.36652, 77.31552
16965,28.367558, 77.287923
17958,28.370217, 77.2871367
19908,28.37024, 76.9323
978,28.376025, 77.28656
962,28.376843, 77.332875
13955,28.38052, 77.28083
951,28.380568, 77.303622
17962,28.38068, 77.28072
952,28.383082, 77.288025
17951,28.38412, 77.30568
979,28.384388, 77.305535
16994,28.384528, 77.276895
965,28.394893, 77.315705
964,28.39535, 77.32446
953,28.39767, 77.291267
963,28.399052, 77.33304
15955,28.399915, 77.276055
954,28.400383, 77.298135
17955,28.405015, 77.302302
966,28.408837, 77.321775
16912,28.409462, 77.019627
967,28.413243, 77.328318
16954,28.414082, 77.261031
19902,28.4174891, 77.0512545
15914,28.41836, 76.9927
13954,28.418633, 77.326723
958,28.418682, 77.318768
16993,28.42126, 77.32134
16974,28.421377, 77.328165
16973,28.42145, 77.32824
934,28.4219207, 77.1019605
15902,28.421972, 77.078328
15910,28.42279, 77.09264
15911,28.422912, 77.077442
16992,28.422955, 77.321905
974,28.423078, 77.313628
968,28.423092, 77.297042
16907,28.424845, 77.070967
18845,28.42802, 77.52736
15813,28.42803, 77.52733
15919,28.429757, 77.096947
16987,28.429892, 77.319867
13904,28.43028,77.0373
15912,28.4322, 77.10692
970,28.433503, 77.321148
15918,28.43527, 77.13517
16908,28.4378, 77.0496
16905,28.43783, 77.04961
16909,28.438215, 77.025797
15917,28.441075, 77.07653
14001,28.441586, 77.198597
15811,28.44458, 77.51002
18844,28.44467, 77.50992
976,28.44515, 77.31913
929,28.4454529, 77.0040823
17901,28.446242, 76.973693
13903,28.446347, 77.011963
15807,28.44635, 77.51651
18843,28.44791, 77.50426
916,28.4490584, 77.0362434
909,28.4533554, 77.0175058
15913,28.453598, 77.052581
918,28.4537989, 77.0520006
19812,28.456, 77.516
15915,28.45612, 77.068356
16901,28.4570902, 76.998974
16913,28.4576584, 76.9859741
907,28.4583891, 77.0632478
15909,28.45862, 77.074568
917,28.4589155, 77.042793
15951,28.45908, 77.300075
908,28.459881, 77.010114
905,28.4604309, 77.0845947
17012,28.461491, 77.165041
15903,28.461555, 77.064092
19951,28.462383, 77.294103
13616,28.463092, 77.04617
912,28.46311, 77.0188815
913,28.4648157, 77.0147873
15952,28.465412, 77.299543
903,28.4670225, 77.0963433
933,28.4679868, 77.0298939
16978,28.468315, 77.323399
16977,28.469283, 77.322886
16955,28.469914, 77.299400
914,28.4705227, 77.0152032
15812,28.47064, 77.53904
18841,28.47068, 77.53897
15810,28.47071, 77.5388
15954,28.47085, 77.295487
16902,28.471076, 77.059148
16061,28.471439, 77.130726
16123,28.4721206, 77.1324174
16995,28.47226, 77.32092
70990@A,28.47236, 77.32097
16917,28.4731581, 77.0805828
911,28.47353, 77.047888
16981,28.473542, 77.321821
921,28.4736, 77.047893
16916,28.47479, 77.08494
902,28.4751098, 77.1037497
17902,28.475183, 77.013213
railway crossing Ajaibpur,28.475425, 77.590347
926,28.4758726, 77.0051847
977,28.476353, 77.313275
925,28.4767278, 77.0139242
16967,28.477486, 77.299450
18842,28.47819, 77.51744
910,28.4786438, 77.0602952
16971,28.479185, 77.332727
927,28.4799019, 77.0200969
17952,28.48117, 77.312
928,28.4816412, 77.0164469
74901,28.48187, 77.09938
74902,28.48187, 77.09943
10084,28.481918, 77.187860
16991,28.482137, 77.339185
16980,28.482422, 77.298632
16976,28.482604, 77.323114
15905,28.482667, 77.085501
17903,28.483633, 77.079687
901,28.4836811, 77.0798805
18847,28.48381, 77.52614
971,28.4843, 77.30755
IPL Plant Secundrabad,28.485342, 77.639459
13952,28.485417, 77.345432
70055@B,28.48556, 77.28267
16054,28.485717, 77.216236
13015,28.48627, 77.3139
IPL Garage,28.486346, 77.640839
16918,28.4877425, 77.0165976
16089,28.487846, 77.2304276
919,28.4879239, 77.0873341
18848,28.48793, 77.51996
16087,28.488066, 77.320373
13951,28.488432, 77.341533
16003,28.488515, 77.312347
969,28.48863, 77.3125
16969,28.48919, 77.294672
16813,28.48952, 77.50958
18846,28.48952, 77.50959
17013,28.489938, 77.306313
16906,28.49021, 77.07046
13013,28.49061, 77.324018
16097,28.4909, 77.318615
16811,28.491, 77.41238
15001,28.49109, 77.20517
16019,28.4914006, 77.2303427
16006,28.49156, 77.23035
16961,28.49163, 77.29255
16062,28.491654, 77.288838
16036,28.4921, 77.310195
13032,28.49302634, 77.24347796
17019,28.49324, 77.16067
13005,28.493258, 77.324853
16011,28.4932923, 77.3266724
74009@A,28.49339, 77.32652
920,28.4935243, 77.1053838
16084,28.49390933, 77.30705681
16027,28.4940407, 77.2412458
16045,28.4940424, 77.248766
16095,28.494401, 77.318817
906,28.49465, 77.09559
16126,28.49491, 77.18089
16059,28.494932, 77.237708
16075,28.495311, 77.327402
16050,28.4953441, 77.2292009
16090,28.495399, 77.233132
16049,28.495578, 77.299491
13901,28.4955909, 77.0117148
16124,28.495677, 77.189343
70075@M,28.49694, 77.24335
16073,28.497286, 77.232655
13003,28.4978, 77.22766
13021,28.497802, 77.31678
16081,28.49822, 77.320297
13020,28.4983768, 77.2830905
16063,28.498684, 77.243760
18007,28.49873, 77.28896
13036,28.49892, 77.2362
13023,28.49904, 77.23182
84,28.499118, 77.289398
70055@A,28.4994, 77.28328
16093,28.499402, 77.294753
13953,28.499555, 77.334947
17005,28.499605, 77.306517
10080,28.500004, 77.1834877
13026,28.5001219, 77.2818419
17010,28.500193, 77.327768
16047,28.500256, 77.201304
13001,28.5004492, 77.2420851
17014,28.501021, 77.196337
2490,28.50129, 77.225033
13014,28.5017729, 77.2539551
16096,28.5022592, 77.2502446
16999,28.502328, 77.337412
17009,28.502819, 77.227894
70020@A,28.50285, 77.24761
922,28.5028701, 77.0623705
16051,28.5029204, 77.3314826
16029,28.502946, 77.242695
17021,28.50312, 77.22656
14002,28.503193, 77.178713
16815,28.50352, 77.42324
16024,28.5038934, 77.2358409
13025,28.5041527, 77.2864624
16005,28.504363, 77.236034
16031,28.504488, 77.230255
17023,28.5045328, 77.245901
16007,28.504875, 77.3228726
16040,28.504920, 77.206885
74021,28.50523, 77.19864
74013@A,28.50595, 77.24933
16064,28.505998, 77.210209
17031,28.50667, 77.24947
16001,28.507258, 77.200052
16915,28.5073649, 77.0157113
13041,28.50773, 77.2299
1001,28.507985, 77.300203
16085,28.50831, 77.33433
17008,28.508665, 77.318983
13034,28.5093062, 77.3179991
13902,28.5099824, 77.0256307
16009,28.510482, 77.237599
13029,28.51052, 77.23219
90,28.51065, 77.23213
924,28.510704, 77.0495533
904,28.5111625, 77.0313494
1013,28.5115, 77.301275
13843,28.5116, 77.4551
16048,28.511735, 77.322298
15822,28.5118, 77.3897
16117,28.511899, 77.115214
1012,28.512278, 77.303948
129,28.5124605, 77.1700144
17004,28.512579, 77.238128
16112,28.512681, 77.0659153
16056,28.512882, 77.244854
79,28.5133781, 77.2350472
19008,28.5143691, 77.2389892
55,28.5150454, 77.2304277
13019,28.5152231, 77.2342124
17001,28.515346, 77.178561
83,28.5162293, 77.2375905
13027,28.51623, 77.23743
17028,28.51665, 77.17834
17003,28.5167281, 77.2004674
13017,28.51683, 77.17878
16065,28.517504, 77.150704
16078,28.5178355, 77.232303
10082,28.51812154, 77.23888255
10083,28.51828111, 77.23879703
133,28.518316, 77.1584209
17024,28.518606, 77.2420018
42,28.518718, 77.2364481
85,28.5188117, 77.206652
74,28.5189064, 77.2257751
16105,28.519331, 77.064908
17006,28.5194494, 77.1738734
16817,28.51958, 77.36802
16053,28.519583, 77.30621
915,28.5198631, 77.0445724
15803,28.51987, 77.38619
16911,28.519937, 77.060980
16109,28.520028, 77.065305
10136,28.5202559, 77.1643859
17020,28.52036, 77.25582
80,28.5207363, 77.2404621
20,28.52086742, 77.22856142
15008,28.52121, 77.29511
13030,28.521418, 77.1717643
16070,28.521459, 77.255773
64,28.5215847, 77.2320839
836,28.52183, 77.388
60,28.5223276, 77.2117611
70,28.5225019, 77.2081343
58,28.5225667, 77.1788936
137,28.5226664, 77.1593962
16079,28.5227845, 77.2562477
17018,28.52286, 77.2393
81,28.5231112, 77.2342638
16010,28.5231914, 77.1735547
63,28.52343, 77.219
45,28.5235176, 77.2191157
91,28.523872, 77.1938987
835,28.5239, 77.3909
78,28.524622, 77.227434
19813,28.52468, 77.45607
89,28.524960, 77.240846
10010,28.524995, 77.257287
76,28.5251625, 77.2632381
40,28.525417, 77.205565
77,28.5255965, 77.2542108
43,28.5258903, 77.2358632
17102,28.5264386, 77.0827566
140,28.5267161, 77.1620779
16014,28.52688, 77.19582
13035,28.52743, 77.23126
65,28.5274931, 77.2504698
1009,28.528102, 77.320972
18173,28.5281794, 77.1489423
15808,28.5283, 77.39171
13022,28.528645, 77.314662
18849,28.528665, 77.38673
32,28.5292279, 77.2560649
15821,28.52998, 77.4762
15129,28.53009, 77.14703
19806,28.53018, 77.38828
69,28.530702, 77.289045
95,28.530855, 77.2977
15817,28.53086, 77.36801
130,28.5311161, 77.1468523
132,28.5311324, 77.1540225
15169,28.53131, 77.10998
21,28.5314278, 77.2564069
57,28.53159, 77.21071
68,28.5316, 77.29299
18003,28.53161, 77.29301
92,28.5317734, 77.2588582
1002,28.5322666, 77.2666144
17007,28.53229, 77.306143
16098,28.53236204, 77.31690209
16088,28.5323742, 77.3169361
24,28.53245, 77.20312
17025,28.53299, 77.22002
51,28.5330919, 77.2570742
59,28.5334695, 77.2306416
16111,28.53354, 77.05015
13031,28.5336737, 77.2996027
19004,28.53371, 77.19699
17033,28.53381, 77.29948
17011,28.533868, 77.217036
53,28.5339416, 77.2441687
16122,28.53452, 77.09034
99,28.535005, 77.291757
10013,28.5352635, 77.2800401
18,28.53543, 77.21046
10023,28.535493, 77.274200
15166,28.53593, 77.14987
136,28.5361278, 77.1410247
94,28.53627, 77.22275
15,28.5369563, 77.201586
17016,28.53696, 77.208073
86,28.5369904, 77.2486202
82,28.537608, 77.29667
93,28.5377076, 77.2378956
19,28.5377479, 77.2156954
169,28.53797, 77.14266
10012,28.538136, 77.276178
34,28.5382823, 77.2429447
16125,28.53837, 77.13039
16818,28.5384, 77.4062
44,28.5386194, 77.2626275
18172,28.53872, 77.14557
5,28.5399462, 77.2488371
19003,28.540033, 77.190617
139,28.5403637, 77.1865746
15005,28.54081, 77.28139
17104,28.5416, 77.1294
4,28.541932, 77.2556519
19002,28.542377, 77.223352
75,28.542757, 77.215366
61,28.542827, 77.206838
131,28.543044, 77.199563
16816,28.54385, 77.38514
17030,28.54412, 77.27632
37,28.544393, 77.229758
16092,28.5450593, 77.2991811
16806,28.545144, 77.539487
15007,28.54565, 77.18256
35,28.5462872, 77.2564175
98,28.54635, 77.26982
71,28.546505, 77.2158835
17101,28.546617, 77.126017
17103,28.54675, 77.12461
39,28.5468585, 77.2436056
143,28.546869, 77.095541
16002,28.547749, 77.300178
138,28.548295, 77.166995
48,28.5483984, 77.2346091
13037,28.54859, 77.21148
15815,28.5496, 77.3717
1006,28.54966, 77.18091
1,28.5505726, 77.2338866
14,28.5508197, 77.2044846
62,28.55110, 77.19964
18004,28.551465, 77.293015
29,28.551897, 77.2073421
109,28.553203, 77.174652
97,28.5532649, 77.247744
3,28.5533159, 77.2422904
115,28.55352, 77.20175
15820,28.554, 77.3605
16803,28.554257, 77.350860
110,28.554352, 77.177717
17027,28.55462, 77.2816
108,28.5549246, 77.1825159
134,28.554931, 77.16289
103,28.55497, 77.18255
15006,28.55531, 77.2092
16809,28.55533, 77.34879
17803,28.555387, 77.346724
66,28.556374, 77.273235
2,28.5564608, 77.2334175
50,28.5566722, 77.2258041
28,28.5572899, 77.2134229
15111,28.55734, 77.06102
15174,28.55778, 77.06154
15804,28.5578, 77.334
22,28.558392, 77.2468289
72,28.5583973, 77.2093019
16094,28.5587091, 77.2508313
15105,28.55927, 77.05417
18005,28.55929, 77.22271
15179,28.5593, 77.17103
23,28.5595643, 77.2567039
17015,28.55958, 77.29594
104,28.5596709, 77.1766124
102,28.560033, 77.18583
16066,28.5600695, 77.2509697
113,28.560118, 77.197263
16120,28.560196, 77.0507819
49,28.560331, 77.2531388
101,28.56059, 77.20229
88,28.5606125, 77.218642
10091,28.560876, 77.274232
15183,28.56099, 77.05148
116,28.561, 77.15611
111,28.56109, 77.15569
15178,28.56112, 77.06039
112,28.56112, 77.15967
175,28.5612087, 77.060404
15116,28.56124, 77.05665
30,28.5614073, 77.2423587
19005,28.561508, 77.27961
128,28.561768, 77.17281
1014,28.56177, 77.22731
41,28.5623351, 77.2468146
10126,28.562473, 77.126626
6,28.5627489, 77.2383235
123,28.5629, 77.19176
38,28.5634, 77.26746
15809,28.56367, 77.33828
813,28.564081, 77.3547172
124,28.5642612, 77.1823529
105,28.5643792, 77.173947
10,28.5644768, 77.2536346
122,28.5645, 77.19196
11,28.565046, 77.2551927
47,28.565054, 77.2227238
16,28.5653572, 77.2272344
207,28.5654683, 77.2079202
18825,28.565580, 77.362534
15806,28.565648, 77.368412
117,28.5661027, 77.1989989
16810,28.56671, 77.37263
158,28.5668657, 77.0677914
27,28.5669582, 77.2482629
18824,28.5672, 77.352
36,28.5675986, 77.2182696
19103,28.56793, 77.14148
19006,28.5679312, 77.2540807
118,28.56805, 77.15857
7,28.56814, 77.24178
810,28.5687111, 77.3333969
125,28.5687944, 77.1722284
16812,28.56887, 77.36966
806,28.5693436, 77.3426529
73,28.569408, 77.272172
229,28.5698054, 77.1953423
46,28.570165, 77.22241
16820,28.57057,77.36739
18833,28.570755, 77.366937
19202,28.570862, 77.204469
16821,28.57158, 77.38735
812,28.5717, 77.3477
52,28.5718679, 77.2406166
206,28.5720029, 77.212877
19105,28.572163, 77.155997
818,28.572253, 77.3413735
814,28.5727, 77.34098
202,28.5727803, 77.2174617
166,28.5727938, 77.0762587
106,28.572915, 77.167402
178,28.57324, 77.15619
16203,28.573353, 77.259062
127,28.5734675, 77.172867
15161,28.57369, 77.12095
8,28.5737155, 77.223921
231,28.5738249, 77.1989618
228,28.5739345, 77.1881227
15159,28.574037, 77.094307
9,28.5742771, 77.2301989
15825,28.57455, 77.37047
15165,28.574763, 77.124347
13647,28.57482, 77.02519
33,28.5748527, 77.2616481
107,28.57499, 77.1755583
16127,28.57506, 77.07948
805,28.5756848, 77.3294619
17,28.57592, 77.243324
96,28.575997, 77.2503885
15204,28.576222, 77.210805
230,28.57637, 77.18475
165,28.5764498, 77.0778758
13,28.576583, 77.230883
12,28.5766, 77.22611
13841,28.57664289, 77.53135621
19801,28.576687, 77.366398
200,28.576868, 77.237952
10112,28.576984, 77.093503
54,28.5770071, 77.2574719
804,28.5772192, 77.3225742
220,28.5775444, 77.2056721
236,28.577588, 77.22021
159,28.5775921, 77.0486492
204,28.5777735, 77.1970416
155,28.5779203, 77.0677582
809,28.578, 77.3084
203,28.578334, 77.192033
16118,28.57841, 77.1486979
17002,28.5787515, 77.2613159
114,28.579038, 77.164535
241,28.57905, 77.18345
18826,28.5791, 77.3283
817,28.5793031, 77.3346172
16101,28.579399, 77.087343
15170,28.58019, 77.05284
126,28.5804122, 77.1703716
201,28.580602, 77.223107
31,28.5807116, 77.2417007
1014272@a,28.58079, 77.22292
19007,28.580905, 77.263767
67,28.58096, 77.259162
56,28.580982, 77.2469638
205,28.5813007, 77.1788
823,28.5815978, 77.339675
16104,28.582178, 77.067589
19201,28.582348, 77.228892
87,28.582383, 77.252768
240,28.582438, 77.229075
15139,28.5825, 77.06198
10805,28.5828, 77.3139
10806,28.5828, 77.3139
119,28.58287, 77.16818
15157,28.58288, 77.05742
803,28.5829224, 77.3302848
177,28.5830467, 77.0713869
216,28.583532, 77.219912
15107,28.58374, 77.06679
232,28.583812, 77.225583
815,28.5838434, 77.3603348
15160,28.58387, 77.06405
802,28.58402, 77.31028
219,28.5841494, 77.1782721
807,28.5844686, 77.3370609
15172,28.58495, 77.07398
786,28.585077, 77.302248
15148,28.58512, 77.03056
16057,28.585671, 77.234765
16058,28.585729, 77.232983
224,28.5857871, 77.1960256
154,28.5863415, 77.0567922
215,28.586455, 77.217867
15151,28.58656, 77.03814
16083,28.5867925, 77.2572065
15135,28.58688, 77.04936
834,28.586985, 77.3665939
152,28.5870868, 77.0453672
822,28.587243, 77.356500
15136,28.58738, 77.06351
135,28.5873854, 77.0862058
15180,28.58741, 77.0547
15119,28.58741, 77.06352
234,28.58768, 77.230028
779,28.5879, 77.30465
1008,28.587915, 77.254952
10111,28.588069, 77.071803
167,28.5881264, 77.0830544
15163,28.58836, 77.06653
142,28.588365, 77.168047
15103,28.58882, 77.05105
15134,28.58889, 77.05631
18831,28.58889, 77.30898
10127,28.5890815, 77.0924663
15140,28.58933, 77.06843
1009957@d,28.5898, 77.07139
26,28.590002, 77.24526
25,28.59045, 77.25269
141,28.5906863, 77.0902642
15122,28.59101, 77.06633
16696,28.591135, 77.018408
15173,28.59133, 77.03358
16741,28.59147, 77.310082
15150,28.5915, 77.036533
13038,28.5915,77.24144
15158,28.59171, 77.06979
15175,28.59214, 77.04846
819,28.59229, 77.3439
15146,28.59259, 77.06677
18800,28.593025, 77.339897
15819,28.59314, 77.37506
17804,28.59317, 77.37518
15176,28.59318, 77.0654
164,28.5933732, 77.079482
151,28.5936023, 77.0757598
16802,28.593757, 77.287360
821,28.59387, 77.3529
10763,28.593881, 77.312729
74806,28.59414, 77.31273
15101,28.59425, 77.07318
15162,28.594271, 77.046271
10764,28.594474, 77.314507
15167,28.59452, 77.06932
811,28.5947995, 77.3336877
18840,28.5949341, 77.3710888
15156,28.59499, 77.02254
18850,28.5950272, 77.3771804
120,28.5950943, 77.1225229
15824,28.59511, 77.39242
15108,28.595113, 77.052425
15133,28.595165, 77.04912
797,28.5951757, 77.299364
15110,28.595203, 77.046597
176,28.5952844, 77.0894692
18827,28.5953662, 77.3627851
153,28.5957559, 77.0649532
15126,28.59582, 77.06504
16750,28.595942, 77.30827
10134,28.5960428, 77.0739651
15144,28.59613, 77.02893
19102,28.596138, 77.130835
15117,28.59636, 77.06823
150,28.596484, 77.042145
223,28.5965964, 77.1768864
121,28.5966928, 77.1331103
801,28.5969492, 77.3381143
168,28.5975562, 77.1008529
15109,28.59766, 77.05773
157,28.597730, 77.037385
307,28.59776, 77.08136
239,28.59779, 77.19792
18832,28.5981875, 77.3420292
741,28.598281, 77.2946085
208,28.59863, 77.22852
162,28.5988961, 77.0703796
156,28.5990962, 77.0488068
808,28.5992661, 77.3495607
16780,28.599333, 77.303697
15115,28.59948, 77.0401
15130,28.59948, 77.05195
15132,28.5995, 77.04001
15147,28.59953, 77.04006
15138,28.59961, 77.040392
15155,28.59968, 77.02198
754,28.59976, 77.3181
144,28.6000382, 77.0620662
15120,28.60019, 77.06251
170,28.6002784, 77.0869921
16808,28.60042, 77.33833
15805,28.6005979, 77.3383058
163,28.6006429, 77.0717412
780,28.600753, 77.31625
13717,28.60095, 77.316
15104,28.60103, 77.04374
238,28.6012922, 77.2165926
781,28.60136, 77.32268
16770,28.601447, 77.303365
225,28.6015075, 77.1856552
13601,28.601628, 76.998815
15121,28.601785, 77.038525
147,28.6019863, 77.0839908
15823,28.60202, 77.13514
16116,28.60203, 77.0968
15113,28.60255, 77.04792
681,28.6029235, 77.1055979
13708,28.603365, 77.332372
816,28.6033921, 77.3422684
15124,28.603588, 77.030018
15106,28.6036, 77.03013
16664,28.603627, 76.999727
15710,28.603713, 77.321805
13643,28.60372, 77.0601
221,28.6037259, 77.2383883
15164,28.603842, 77.044073
16640,28.603889, 77.064578
739,28.6039655, 77.2930955
16645,28.604133, 77.086465
16107,28.604356, 77.053909
16648,28.604747, 76.98708
15127,28.60496, 77.05159
820,28.6050048, 77.3474386
16720,28.605388, 77.306927
16108,28.605494, 77.054145
15137,28.605688, 77.050545
171,28.6057611, 77.0427706
19107,28.60603, 77.01242
18174,28.6061761, 77.0528403
795,28.6062023, 77.3102515
10102,28.6063853, 77.0451819
13644,28.6065, 77.07524
160,28.6065452, 77.0673125
738,28.606645, 77.2910926
13603,28.60665, 77.10862
16607,28.606768, 77.008091
210,28.606776, 77.2287597
16773,28.606933, 77.31162
724,28.6070017, 77.2975529
774,28.60718, 77.33878
18789,28.607718, 77.327765
790,28.608197, 77.335395
16814,28.608218, 77.355568
218,28.6084185, 77.2002989
13638,28.60843, 76.98573
684,28.6084335, 76.9857301
733,28.6085885, 77.3029272
145,28.6087743, 77.0822699
13629,28.60885,77.0625
828,28.60902, 77.3488
615,28.6093709, 77.1057227
16113,28.609721, 77.015543
15816,28.6097597, 77.3452079
16688,28.609781, 77.056722
15605,28.60988, 77.00363
16672,28.610007, 77.024981
161,28.610022, 77.066568
16114,28.610087, 77.080131
713,28.610093, 77.311477
15801,28.610421, 77.343010
70140,28.61071, 77.07497
148,28.610723, 77.063733
697,28.61074, 77.06378
70141,28.61082, 77.0749
18750,28.61098, 77.308445
16842,28.611069, 77.343733
792,28.6111092, 77.3159986
18796,28.6115546, 77.295494
146,28.6116086, 77.0858709
678,28.6116714, 77.1042825
18787,28.6116737, 77.2872701
16663,28.61168, 77.05724
16627@,28.6117,77.05732
16713,28.61198, 77.325583
16735,28.612160, 77.306324
647,28.6121812, 77.1096643
13619,28.61232, 77.07026
605,28.6123891, 77.093874
149,28.6125477, 77.076065
1012433@k,28.61289, 77.10469
17605,28.613039, 77.051771
782,28.613077, 77.328673
1609,28.6131277, 77.0984739
749,28.613342, 77.33623
756,28.6135401, 77.3148592
773,28.613828, 77.337798
16106,28.613852, 77.081462
19855,28.61395, 77.60469
18829,28.6140651, 77.371132
17604,28.61452, 77.059262
783,28.614563, 77.334678
15203,28.61491, 77.23496
10203,28.615318, 77.213028
617,28.6156279, 77.0894172
650,28.6157899, 77.0943838
13642,28.61591, 76.99337
16619,28.616015, 77.018725
19101,28.6166395, 77.1323768
13602,28.61674, 77.04005
613,28.6169689, 77.0826348
666,28.6169779, 77.1093355
16669,28.617655, 77.071575
13640,28.61766, 76.98303
237,28.617734, 77.236041
10214,28.618193, 77.231418
742,28.6181952, 77.2844222
712,28.61833, 77.31613
226,28.6186075, 77.2266175
740,28.61885, 77.29705
725,28.61891, 77.30524
MD Gate,28.619393, 77.286276
18830,28.6194501, 77.370672
772,28.61963, 77.30232
16797,28.61984, 77.281593
16880,28.61987, 77.34302
776,28.6198749, 77.3110841
682,28.6198796, 77.1114957
10033,28.6198805, 77.2890336
15802,28.619959, 77.343791
770,28.6200203, 77.2894125
16643,28.620176, 77.008012
MD Canteen,28.620304, 77.287104
MD Plant,28.620439, 77.288094
15701,28.620853, 77.292387
1703,28.621, 77.30819
227,28.6211355, 77.19823
15704,28.621253, 77.278433
694,28.6213917, 77.0617008
16716,28.621550, 77.310060
214,28.621670, 77.215886
1603,28.62179, 77.04035
16734,28.621963, 77.268957
634,28.62197, 77.07067
744,28.6221289, 77.2919596
16704,28.622278, 77.282228
619,28.6225746, 77.0843107
696,28.6226762, 77.0673605
16651,28.623226, 77.040140
752,28.6233283, 77.2855118
625,28.6234804, 77.1165526
16606,28.624211, 77.032860
16638,28.624632, 77.050533
16890,28.6247404, 77.3481375
16627,28.62479, 77.05069
646,28.6248058, 77.1078503
16779,28.625193, 77.289608
1608,28.6253295, 77.0762151
13626,28.62564, 77.03116
317,28.6257272, 77.1366539
13860,28.6257944, 77.4348139
16682,28.625967, 77.031257
16636,28.626074, 77.048981
13623,28.626075, 77.01088
13608,28.62622, 77.03982
13706,28.626255, 77.27655
301,28.6263319, 77.1428144
753,28.6263659, 77.2764082
1009957@k,28.62687, 77.09195
15202,28.62726, 77.21074
70612@A,28.62732, 77.03671
17710,28.62741, 77.2908
17704,28.62743, 77.294343
332,28.6274393, 77.1464846
217,28.6274941, 77.2343213
17706,28.627523, 77.289617
19203,28.62765, 77.20046
213,28.6276927, 77.2004279
16603,28.62777, 77.03697
6666,28.6279, 76.99578
16666,28.6279, 76.99581
758,28.628, 77.30767
632,28.628038, 77.097598
13606,28.62808, 77.039585
665,28.6282419, 77.0676619
604,28.6283282, 77.090688
16658,28.628583, 77.041581
15702,28.628658, 77.310778
16649,28.628719, 77.049848
209,28.6287491, 77.2353867
16840,28.6289635, 77.3483745
16671,28.629196, 77.045693
13609,28.62939, 76.983873
235,28.6295229, 77.2099955
16846,28.62977038, 77.40456941
211,28.6297976, 77.2145462
17852,28.6298099, 77.3418337
659,28.62983, 77.077031
603,28.6298568, 77.0879304
13875,28.6300167, 77.4728594
663,28.630287, 77.070802
799,28.630335, 77.317918
775,28.6303362, 77.3017737
13877,28.6304492, 77.4506188
13884,28.63052, 77.45062
13895,28.63057, 77.41913
728,28.63063, 77.30628
15707,28.63063, 77.30629
651,28.6306819, 77.1182319
333,28.6307819, 77.1449909
642,28.630985, 77.121717
13872,28.6311058, 77.4557656
16637,28.631150, 77.029741
302,28.6313243, 77.1379212
16714,28.6313741, 77.2814494
768,28.6315446, 77.272322
16864,28.631591, 77.335012
16742,28.631855, 77.295587
778,28.63225, 77.30801
330,28.632477, 77.175947
233,28.6325521, 77.201313
306,28.63293, 77.09282
70681,28.63299, 77.09308
13618,28.6331, 77.003483
18788,28.63321, 77.30291
16691,28.633268, 77.029685
16601,28.63376, 77.03348
677,28.6338488, 77.0589542
633,28.6338516, 77.094837
16673,28.633969, 77.041271
304,28.6340205, 77.1782395
328,28.63409, 77.11483
16609,28.6340964, 77.0866798
667,28.6343111, 77.0672819
327,28.6344531, 77.1437861
609,28.63455, 77.1051
610,28.63456, 77.10507
13615,28.63468, 77.0369
70745@A,28.63503, 77.29774
723,28.63529, 77.28786
879,28.6358069, 77.3273702
769,28.635945, 77.271523
743,28.63603, 77.28312
727,28.63612, 77.30015
612,28.6361853, 77.1264863
336,28.636206, 77.1637451
10668,28.636405, 76.954405
622,28.6364332, 77.11551
421,28.6364811, 77.2312166
19401,28.6365551, 77.2362938
334,28.6369116, 77.1453829
311,28.6369673, 77.1863504
17602,28.637165, 77.032141
675,28.6371661, 77.0604305
629,28.6372502, 77.0911514
607,28.6373159, 77.0640751
16742@A,28.63736, 77.30083
861,28.63737, 77.33888
222,28.6374266, 77.2033588
1005944@a,28.63762, 77.13009
16661,28.637737, 77.043662
70680,28.63779, 77.06784
419,28.6378959, 77.2148845
631,28.6379387, 77.1033422
16870,28.63799, 77.398426
15708,28.63806, 77.301953
627,28.6385713, 77.0760421
880,28.6386295, 77.3462764
412,28.6386725, 77.2255181
602,28.638712, 77.116812
13628,28.63875, 77.02806
400,28.638917, 77.203377
695,28.6390614, 77.0657727
16849,28.6392778, 77.4320056
13889,28.63928, 77.3756
18878,28.6394562, 77.3755449
608,28.6395683, 77.0950521
10673,28.6396473, 77.0499407
623,28.63979, 77.12455
626,28.6399714, 77.0811568
411,28.640063, 77.210128
735,28.6400825, 77.2983957
759,28.640443, 77.279368
310,28.640452, 77.179062
70774@a,28.64072, 77.28571
309,28.641203, 77.185299
426,28.641236, 77.2404596
212,28.64134, 77.2031071
764,28.641515, 77.283335
1611,28.6415443, 77.0530572
601,28.6415646, 77.1117062
13870,28.6417878, 77.4261843
407,28.6422163, 77.2415349
10401,28.64236, 77.207045
423,28.64241, 77.23273
406@A,28.64261, 77.23247
729,28.6426261, 77.2934116
860,28.6426276, 77.3193288
658,28.6429857, 77.0890661
418,28.643175, 77.211612
401,28.6433, 77.229412
308,28.6434039, 77.1703703
616,28.64345, 77.12097
664,28.643455, 77.0808999
676,28.64395, 77.070023
15851,28.6439808, 77.3303427
866,28.6440549, 77.3598359
406,28.64433,77.23836
16679,28.6443936, 77.0248755
17702,28.644690, 77.253603
621,28.6447873, 77.103909
876,28.6448223, 77.3766964
872,28.645187, 77.339015
16721,28.645315, 77.266551
16850,28.6453416, 77.4473534
326,28.6454164, 77.1747619
404,28.6454979, 77.2440822
312,28.645643, 77.183665
16896,28.645722, 77.419740
16888,28.6457288, 77.4194485
410,28.64581, 77.216
417,28.645923, 77.22507
730,28.645993, 77.294617
17603,28.6459971, 77.105287
16845,28.6460231, 77.4404783
19852,28.6461383, 77.3573804
15857,28.646162, 77.357285
313,28.646243, 77.1939868
353,28.6463431, 77.1304583
325,28.646402, 77.190237
865,28.6465964, 77.4262086
611,28.6467169, 77.1118534
403,28.64684, 77.217592
16650,28.646873, 77.021453
13898,28.64688, 77.36189
635,28.6469549, 77.0957782
868,28.6471625, 77.4099967
16306,28.64751,77.15773
17705,28.647607, 77.247129
17708,28.64801, 77.274622
16874,28.648197, 77.417063
352,28.6483943, 77.1353213
16727,28.64851, 77.28602
324,28.648618, 77.180112
761,28.64869, 77.2861
408,28.648906, 77.2104889
10608,28.649202, 77.026634
606,28.6494406, 77.1209786
13881,28.64952, 77.44037
13711,28.64957, 77.27804
13854,28.6496218, 77.4403331
702,28.64966, 77.278023
303,28.6496983, 77.1564321
416,28.6500257, 77.236106
305,28.65015, 77.15378
425,28.6502384, 77.2078931
351,28.6507092, 77.1416585
1604,28.6508114, 77.1097803
10611,28.6508389, 77.068598
318,28.6510655, 77.1608534
763,28.6512698, 77.3045937
731,28.65133, 77.29723
354,28.6514708, 77.1286765
16878,28.6515861, 77.4258111
760,28.65172, 77.28225
17608,28.65189, 77.09347
641,28.6520011, 77.1122061
335,28.65218, 77.15681
322,28.6525008, 77.1994401
12852,28.65262, 77.44264
19301,28.652647, 77.146201
405,28.65301, 77.218893
19701,28.65312, 77.30344
402,28.6532653, 77.2349131
875,28.65327, 77.355392
870,28.65336, 77.35533
748,28.6534154, 77.3031177
13607,28.654152, 77.103153
316,28.654152, 77.18422
16302,28.654188, 77.179372
424,28.6542768, 77.2134202
355,28.6542848, 77.1274813
10859,28.654478, 77.33222
319,28.654628, 77.191537
15709,28.65466, 77.26489
864,28.6548284, 77.4116456
329,28.6548408, 77.1629495
350,28.6548882, 77.1400001
10860,28.654955, 77.332870
851,28.655004, 77.4365245
734,28.6553741, 77.3112152
409,28.65538, 77.205328
19603,28.655440, 77.100317
16689,28.655492, 77.096266
701,28.65567, 77.26979
15706,28.656027, 77.292872
871,28.65653, 77.367677
16838,28.65658, 77.42773
16857,28.656703, 77.342141
16774,28.656752, 77.30667
16307,28.65704, 77.19946
648,28.657328, 77.1133666
13705,28.65749, 77.27474
698,28.6575181, 77.1190858
321,28.65781577, 77.1836518
16868,28.6579333, 77.4490051
414,28.6579591, 77.2281293
356,28.658196, 77.1311045
70305@A,28.65828, 77.13111
708,28.65851, 77.26643
660,28.658723, 77.082788
15608,28.65875, 77.090083
415,28.658933, 77.223523
784,28.6591767, 77.3068556
17709,28.65923, 77.30678
15852,28.659595, 77.356219
13632,28.65972,77.06064
869,28.659763, 77.32137
13886,28.66002, 77.42565
13887,28.660025, 77.36332
703,28.660695, 77.281825
715,28.6607, 77.2817
16863,28.660768, 77.3784
718,28.660772, 77.2732
413,28.6607843, 77.2051453
13880,28.66081, 77.42173
13634,28.66097, 77.04978
16654,28.660985, 77.061603
349,28.661178, 77.140763
314,28.661288, 77.1902564
13713,28.66158,77.29168
15607,28.661657, 77.008847
15609,28.661935, 77.092098
348,28.6620137, 77.1371333
852,28.6623639, 77.4420118
13604,28.66259, 77.0557
10677,28.663007, 77.147692
15606,28.663047, 77.094775
347,28.6631545, 77.1455951
344,28.6632576, 77.1973741
737,28.66355, 77.31821
16865,28.6635789, 77.4333937
16647,28.663892, 77.057614
670,28.6639978, 77.0859582
10618,28.664181, 77.111297
1607,28.6641962, 77.014514
720,28.66439, 77.25591
13897,28.66439, 77.38144
422,28.66468, 77.23039
10622,28.66495, 77.14813
529,28.6650034, 77.2214749
655,28.665283, 77.0955
16621,28.665407, 77.050375
13882,28.66565,77.41385
16722,28.665913, 77.292280
654,28.6659725, 77.1075177
16786,28.666002, 77.292413
13894,28.66605, 77.48138
13612,28.666085, 77.055805
16879,28.666486, 77.453439
13625,28.6666749, 77.0717614
853,28.666773, 77.4499563
614,28.6669634, 77.1161607
10505,28.667099, 77.213936
755,28.6671153, 77.3038131
343,28.667162, 77.1879113
877,28.667327, 77.324433
707,28.667427, 77.318345
13873,28.667545, 77.341803
18794,28.667552, 77.27798
709,28.66776, 77.29724
588,28.6678697, 77.2138183
10626,28.6681111, 77.0589584
15604,28.668228, 77.095305
717,28.66845, 77.28926
791,28.66859, 77.25561
668,28.668652, 77.085825
13863,28.6686937, 77.3751139
691,28.6687454, 77.10085
644,28.6688014, 77.1284488
70606@A,28.66889, 77.07604
645,28.6691663, 77.106023
342,28.6692092, 77.1932417
323,28.6693159, 77.1816716
16872,28.6698346, 77.4691812
346,28.6700033, 77.1416091
722,28.6702525, 77.310787
345,28.6703328, 77.1504624
13899,28.67042, 77.47382
341,28.6704928, 77.1932015
357,28.6705371, 77.1776191
508,28.6707358, 77.2065844
13633,28.67089, 77.06017
862,28.671203, 77.33729
706,28.671314, 77.3185376
858,28.6713265, 77.4200311
16860,28.6713265, 77.4200311
13701,28.67142832, 77.30692488
854,28.6714863, 77.4599921
320,28.6715538, 77.1657312
358,28.67169, 77.1736
359,28.6719005, 77.1906893
857,28.6719091, 77.4284226
649,28.6721577, 77.1181291
16608,28.67248, 77.07446
855,28.6725404, 77.4318445
652,28.6728301, 77.1031434
688,28.6734995, 77.0889808
360,28.673527, 77.1827717
523,28.67357, 77.20344
13891,28.67375, 77.48153
714,28.6739, 77.267508
1602,28.67444, 77.1233222
16652,28.674842, 77.069785
719,28.67496, 77.27478
689,28.6751654, 77.0801905
534,28.67529, 77.20879
16646,28.67543, 77.072928
16695,28.675485, 77.075732
13635,28.67565,77.04728
16305,28.676284, 77.161213
13892,28.67653, 77.36978
705,28.67661, 77.29027
704,28.676857, 77.283397
315,28.6769,77.16079
687,28.6769666, 77.1115058
624,28.677075, 77.096847
315@A,28.67715, 77.16244
509,28.6772908, 77.224168
15855,28.6775032, 77.478538
17707,28.677542, 77.277268
686,28.6775594, 77.077
716,28.677593, 77.298082
16866,28.6777549, 77.4209261
747,28.67796, 77.30917
331,28.6779858, 77.1551423
507,28.6780973, 77.2078511
721,28.678418, 77.290432
16693,28.678693, 77.050413
669,28.67887, 77.08451
767,28.6789994, 77.2587796
16893,28.679017, 77.354566
13865,28.679243, 77.332072
16686,28.679415, 77.05782
16799,28.67978, 77.330848
13611,28.6798349, 77.0518487
16611,28.679840, 77.052094
540,28.679852, 77.203229
726,28.6799376, 77.3241412
512,28.6800926, 77.1955459
13719,28.68024, 77.26704
524,28.680256, 77.171927
746,28.680357, 77.317342
771,28.68046, 77.31716
70637@A,28.68059, 77.05054
16615,28.680933, 77.040052
16877,28.680984, 77.311931
17853,28.6812, 77.4924
863,28.6815157, 77.3588821
13878,28.6817917, 77.4817194
13871,28.6821, 77.4171222
856,28.6823358, 77.4444038
661,28.6823434, 77.0717175
765,28.682474, 77.298631
16308,28.68251, 77.1569
13879,28.68252, 77.36952
70655@A,28.68264, 77.05259
12853,28.68267, 77.4988
873,28.682675, 77.36946
736,28.68306, 77.32343
16717,28.6831814, 77.2614185
16726,28.683235, 77.307614
673,28.6832965, 77.1441168
13605,28.6833118, 77.063561
16839,28.68336, 77.34005
643,28.6834182, 77.1282662
560,28.6834299, 77.171653
16730,28.68346, 77.25696
19702,28.683538, 77.329258
16754,28.683645, 77.25715
338,28.68367, 77.15962
337,28.6837407, 77.1555242
683,28.6840777, 77.1369305
15856,28.6841049, 77.4775291
13868,28.68414, 77.42541
16871,28.684180, 77.459144
751,28.6842036, 77.3142032
16858,28.684394, 77.319700
15508,28.68443,77.18669
679,28.6844928, 77.0567522
13614,28.68453,77.05671
536,28.6846232, 77.1844163
757,28.68473, 77.27738
TOLL TAX DASNA ,28.6849075886, 77.5218361437
10851,28.685180, 77.411118
539,28.68543, 77.19937
16752,28.685464, 77.269143
13857,28.686063, 77.370902
16792,28.6860899, 77.2584008
518,28.6864204, 77.1913514
70739@A,28.68665, 77.25661
16762,28.686842, 77.255228
16749,28.68713, 77.26205
16736,28.687159, 77.233599
504,28.6872026, 77.1656387
16705,28.6872188, 77.2652758
628,28.68725, 77.14832
674,28.6873034, 77.1427309
17851,28.6874079, 77.4864093
13702,28.687568, 77.325063
16715,28.687767, 77.328435
16604,28.6878659, 77.0724075
16861,28.687965, 77.376985
18591,28.6880403, 77.1324564
16785,28.688515, 77.288463
15601,28.68858, 77.12378
513,28.688827, 77.2098411
16676,28.688829, 77.040493
555,28.6888814, 77.2097278
16862,28.6890286, 77.4108261
10804,28.689160, 77.410729
17701,28.689196, 77.291380
70723@A,28.68924, 77.2884
16784,28.689383, 77.264093
620,28.6894259, 77.0918151
16876,28.689774, 77.320818
339,28.6897992, 77.1574372
16657,28.689888, 77.044245
16644,28.689924, 77.049466
1702,28.69001, 77.27058
859,28.6900177, 77.45231
16755,28.69033, 77.283312
559,28.6903399, 77.1872514
636,28.69039, 77.14669
16662,28.690394, 77.046161
630,28.69052, 77.1466
514,28.69052306, 77.2014268
16841,28.690693, 77.335785
1701,28.690986, 77.312070
1610,28.6910054, 77.0779103
16724,28.69114, 77.31219
1707,28.691157, 77.31935
16737,28.691176, 77.298412
745,28.691465, 77.325433
71173@M,28.69151, 76.93057
680,28.6915214, 77.1007237
15858,28.69166, 77.366403
672,28.6916623, 77.0714054
71732@A,28.69175, 76.93155
502,28.691836, 77.168124
580,28.6919681, 77.178242
556,28.6920114, 77.1953905
699,28.692033, 77.087591
639,28.692601, 77.0849644
340,28.6926174, 77.1565626
10760,28.692693, 77.279887
16748,28.69278, 77.298003
690,28.6927951, 77.0671874
13631,28.69289, 77.05839
503,28.6930322, 77.1728435
637,28.693058, 77.0935294
532,28.6931608, 77.1632841
13885,28.69345, 77.45019
10704,28.693557, 77.280232
70723@B,28.69363, 77.2801
13720,28.69367, 77.28011
16723,28.69374, 77.26768
16787,28.69376, 77.2679
671,28.6938099, 77.095632
533,28.6940208, 77.176929
16921,28.694079, 76.947036
13896,28.69412, 77.32815
656,28.69417, 77.1108
711,28.6941754, 77.3052581
16719,28.6945182, 77.3111051
501,28.69455, 77.16862
13613,28.6947, 77.046108
16725,28.694725, 77.32263
13888,28.69509, 77.33364
70858@A,28.69511, 77.36973
15853,28.695118, 77.369802
13890,28.69517, 77.33357
657,28.69535, 77.13639
16891,28.695438, 77.350825
517,28.69548, 77.19044
13893,28.69548, 77.29426
1002549@A,28.69549, 77.21801
785,28.6956216, 77.2940997
693,28.6957206, 77.0919125
13637,28.69576, 77.05847
1605,28.6958243, 77.0820749
519,28.695899, 77.2183368
13874,28.6960509, 77.3473234
583,28.69609, 77.11839
766,28.6961386, 77.3139052
13624,28.69615, 77.05294
777,28.6962615, 77.2553038
505,28.6965572, 77.1729641
13712,28.69656, 77.31887
1601,28.696568, 77.0988791
653,28.696594, 77.126356
550,28.696638, 77.2259772
638,28.69671626, 77.08889904
1002524@A,28.69677, 77.22597
16883,28.697007, 77.302532
16642,28.697724, 77.070286
640,28.6977319, 77.0770316
13630,28.69799, 77.07074
16697,28.6980653, 77.0705719
1606,28.6981393, 77.0795862
798,28.698185, 77.272012
13610,28.6984401, 77.0523583
10666,28.698517, 77.052414
530,28.6985527, 77.207753
874,28.698588, 77.327515
692,28.6987263, 77.0743347
558,28.698985, 77.1392616
564,28.69926, 77.10338
13715,28.6993,77.30516
554,28.69959, 77.16299
549,28.69971, 77.1334
71732@M,28.6998, 76.93232
13718,28.69992,77.30505
762,28.7000253, 77.294364
16728,28.700053, 77.295336
520,28.700147, 77.2212209
16678,28.7002199, 77.0586535
13620,28.70037, 77.05869
732,28.7004652, 77.2700488
545,28.7008266, 77.1500915
500,28.701049, 77.186302
16633,28.701197, 77.034225
16677,28.701502, 77.0664259
16708,28.701572, 77.306475
618,28.7016255, 77.0722443
565,28.7019583, 77.0989332
662,28.7021858, 77.0880586
685,28.7022132, 77.0808753
563,28.702255, 77.11001
537,28.7030342, 77.1619537
710,28.703167, 77.282845
1509,28.703235, 76.976372
16899,28.7032545, 77.328088
2895,28.703363, 77.32803
1508,28.70342137, 76.98010857
16759,28.703675, 77.322154
16924,28.703795, 76.933209
18594,28.7038032, 77.2107104
16782,28.703875, 77.317123
561,28.703933, 77.12778
16848,28.7039665, 77.4169204
16729,28.704178, 77.260859
562,28.704197, 77.119952
548,28.704407, 77.14095
17606,28.7044764, 77.0863101
70782@a,28.70455, 77.28505
13721,28.70481,77.30489
16733,28.7049, 77.311725
551,28.7052974, 77.1570932
16610,28.7053406, 77.081887
16505,28.70572, 77.10509
521,28.7057651, 77.2005411
566,28.70579, 77.104418
16731,28.705828, 77.273408
17607,28.7063,77.0512
531,28.7063743, 77.1504557
HAPUR GULAWATHI CROSSING,28.7065308529, 77.7833969161
516,28.7067071, 77.1902835
544,28.706852, 77.139507
15506,28.707025, 77.131487
16744,28.707115, 77.260566
541,28.7071305, 77.1681217
16753,28.7072809, 77.271369
1512,28.70793, 77.17783
16760,28.707952, 77.29855
16668,28.7079771, 77.0343692
13876,28.7080309, 77.3328608
16772,28.708133, 77.30179
16746,28.708199, 77.277592
535,28.7089285, 77.1794855
528,28.7089754, 77.1315681
568,28.7090216, 77.1134397
16539,28.7090646, 77.0873169
557,28.709097, 77.1676734
15512,28.7091, 77.11342
16653,28.709540, 77.013241
16681,28.709611, 77.041177
585,28.7100676, 77.2186912
575,28.71017, 77.10176
16635,28.710725, 77.010736
515,28.7108824, 77.2117721
16552,28.7110805, 77.08268
15502,28.711107, 77.145643
567,28.711135, 77.107528
13722,28.71119, 77.27764
16763,28.7114194, 77.2724257
17509,28.71142, 77.06688
13710,28.71146, 77.24171
12869,28.711657, 77.294365
13869,28.71167027, 77.29448669
569,28.7116945, 77.1245955
15507,28.71172, 77.07248
525,28.7117371, 77.1846048
522,28.71178, 77.07252
579,28.7118487, 77.1514133
16702,28.712340, 77.287290
582,28.7124679, 77.1822411
16546,28.71257, 77.09805
547,28.7127098, 77.136085
1501,28.7127848, 77.0946847
16884,28.712808, 77.288267
17505,28.712823, 77.176228
16522,28.713108, 77.179899
546,28.713408, 77.140245
16685,28.7136314, 77.032693
13709,28.71437,77.26358
543,28.71449, 77.1575
506,28.7147, 77.15443
581,28.7151248, 77.2067392
16703,28.7154244, 77.2678273
16687,28.71599, 77.09166
16776,28.716227, 77.273515
542,28.7164438, 77.1724043
16881,28.716637, 77.270085
1005643@A,28.71669, 77.11383
13883,28.71712, 77.2957
570,28.7173766, 77.1211406
16781,28.7174705, 77.2616964
13703,28.7175, 77.28021
16605,28.717660, 77.088721
16732,28.718048, 77.286795
16793,28.7182845, 77.2637373
16535,28.71832, 77.10005
16757,28.718391, 77.283145
16620,28.718743, 77.090442
511,28.718842, 77.12953
526,28.7191901, 77.1748598
584,28.719278, 77.158842
HAPUR BYPASS ,28.7199832483, 77.7232010354
15501,28.720413, 77.129965
586,28.7208433, 77.2150148
16796,28.7209974, 77.2749341
16768,28.721006, 77.274232
13709@A,28.72124, 77.26693
16740,28.7215026, 77.2630948
15503,28.72176, 77.12335
572,28.72184, 77.13661
18587,28.7228391, 77.1531078
573,28.723115, 77.12762
16583,28.72313, 77.17138
16790,28.7235949, 77.2608407
17503,28.723828, 77.168162
18501,28.72459, 77.08174
16581,28.72519, 77.17437
16514,28.725251, 77.147889
16562,28.7255843, 77.0475178
10708,28.726188, 77.27017
10784,28.726205, 77.270302
589,28.72684, 77.08513
16573,28.7269, 77.2146
552,28.7272555, 77.1631017
16519,28.727462, 77.044817
527,28.7284624, 77.167316
16567,28.7299529, 77.1641384
17508,28.729983, 77.0585048
13714,28.73019,77.26299
16549,28.73065, 77.174448
577,28.731478, 77.113662
16580,28.73168, 77.20707
538,28.7317946, 77.1274086
16542,28.732115, 77.209152
16564,28.73234, 77.14358
16563,28.73296, 77.16208
571,28.7331481, 77.1331761
576,28.7332514, 77.1239303
13724,28.73326, 77.26883
553,28.7333577, 77.169758
16577,28.7339, 77.1417
18599,28.7339425, 77.0971675
16851,28.734135, 77.288378
16550,28.7346284, 77.188145
16572,28.7347,77.02506
13867,28.735998, 77.295345
1511,28.736235, 77.106952
13852,28.7363208, 77.3002385
16584,28.73653, 77.18279
17501,28.737058, 77.118702
578,28.7373718, 77.1360811
16665,28.737913, 77.007388
13866,28.738013, 77.267158
16566,28.73826, 77.181327
16570,28.738352, 77.183888
574,28.73877, 77.11783
510,28.73896, 77.12622
590,28.73949, 77.11531
16502,28.741836, 77.135213
16575,28.74211, 77.19787
10509,28.742629, 76.986168
1503,28.7432087, 77.0951283
16548,28.743437, 77.145835
13861,28.7435276, 77.2907713
17507,28.743908, 77.135682
16534,28.744822, 77.190512
17506,28.74487, 77.1905
596,28.7450469, 77.1185764
10526,28.7450926, 77.1602436
16565,28.74525868, 77.11193044
16541,28.746361, 77.161772
16558,28.74646, 77.161867
16524,28.746580, 77.195006
16579,28.74663, 77.16162
595,28.7468091, 77.0941429
16528,28.748202, 77.202136
10524,28.7483298, 77.1435806
16561,28.748487, 77.140115
10527,28.749087, 77.148796
16537,28.750125, 77.171535
74532@A,28.75034, 77.19676
16523,28.751397, 77.140514
1505,28.752013, 77.168245
15511,28.75276, 77.09543
13704,28.75441, 77.24458
16578,28.75456047, 77.11281786
597,28.754833, 77.162977
16526,28.755984, 77.112196
17504,28.756507, 77.150837
16525,28.760812, 77.189066
GANGA BRIDGE ,28.7611607174, 78.1438689551
45301,28.76124, 77.50232
16889,28.76496, 77.26683
16538,28.765717, 77.161153
TOLL TAX BRIJGHAT ,28.7672476669, 78.1097716530
16533,28.772601, 77.116058
16520,28.776998, 77.053315
1513,28.781663, 77.060368
16544,28.791913, 77.153551
16503,28.797797, 77.0339
15505,28.79787, 77.03402
16527,28.802162, 77.031118
1510,28.8065127, 77.0524998
16513,28.8070981, 77.0855654
598,28.8086361, 77.0532174
1502,28.809827, 77.095018
1504,28.81345, 77.094363
16504,28.8291, 77.09454
16568,28.835898, 77.1081
1507,28.8359747, 77.108237
16509,28.8360348, 77.1223882
16543,28.840888, 77.092775
1506,28.8447941, 77.099668
16555,28.848938, 77.082462
18592,28.85304, 77.101997
592,28.8533862, 77.1017014
593,28.859885, 77.1014725
18593,28.8599421, 77.1014176
16571,28.87502, 77.12649
15504,28.875043, 77.0936887
MAIN GATE MEERUT PLANT,28.9027458, 77.6710855
RECHECKING DOCK MEERUT,28.9029901, 77.6717955
LOADING DOCK MEERUT,28.9045114, 77.6707874
15118,28.92315, 76.59431
71821@A,28.968, 77.72818
71402@A,29.92454, 78.11881
71417@A,29.92458, 78.11884
71405@A,29.92462, 78.11885
71412@A,29.92466, 78.11897
71433@A,29.92616, 78.12549
71450@A,29.92622, 78.12541
71438@A,29.92624, 78.12565
71459@A,30.29791, 78.06933
71440@A,30.30192, 78.05198
71411@A,30.30194, 78.05207
71431@A,30.30194, 78.05208
71439@A,30.30198, 78.05205
71441@A,30.30203, 78.05205
71443@A,30.30205, 78.05204
71774@a,30.71414, 76.73222
71774,30.71903, 76.7229
